74;Haute-Savoie;;505;123;288;178
74;Haute-Savoie;;826;316;468;294
74;Haute-Savoie;;900;284;495;351
74;Haute-Savoie;;2069;708;1239;738
74;Haute-Savoie;;1211;336;893;245
74;Haute-Savoie;;564;144;293;224
74;Haute-Savoie;;517;128;239;227
74;Haute-Savoie;;1090;376;701;306
74;Haute-Savoie;;1530;470;830;587
74;Haute-Savoie;;529;136;243;235
74;Haute-Savoie;;1075;406;633;338
74;Haute-Savoie;;481;91;284;149
74;Haute-Savoie;;521;151;327;150
74;Haute-Savoie;;1017;326;491;436
74;Haute-Savoie;;460;130;252;168
74;Haute-Savoie;;1610;387;1076;440
74;Haute-Savoie;;542;150;240;232
74;Haute-Savoie;;538;137;311;190
74;Haute-Savoie;;222;53;115;86
74;Haute-Savoie;;342;104;168;140
74;Haute-Savoie;;796;294;401;317
74;Haute-Savoie;;655;169;452;151
74;Haute-Savoie;;273;67;208;51
74;Haute-Savoie;;1876;591;1116;585
74;Haute-Savoie;;995;241;623;294
74;Haute-Savoie;;439;89;236;164
74;Haute-Savoie;;46;23;23;20
74;Haute-Savoie;;793;285;407;319
74;Haute-Savoie;;665;204;315;285
74;Haute-Savoie;;6117;2601;3233;2364
74;Haute-Savoie;;808;276;439;301
74;Haute-Savoie;;1016;359;473;449
74;Haute-Savoie;;1897;553;936;812
74;Haute-Savoie;;4833;1295;2933;1483
74;Haute-Savoie;;776;276;406;332
74;Haute-Savoie;;540;164;310;190
74;Haute-Savoie;;3758;1122;2006;1420
74;Haute-Savoie;;809;158;518;244
74;Haute-Savoie;;4163;1580;2241;1612
74;Haute-Savoie;;359;98;188;126
74;Haute-Savoie;;306;100;164;114
74;Haute-Savoie;;5255;1829;3118;1690
74;Haute-Savoie;;6859;3125;3367;2900
74;Haute-Savoie;;223;49;121;88
74;Haute-Savoie;;1742;649;940;681
74;Haute-Savoie;;375;72;186;158
74;Haute-Savoie;;342;70;181;136
74;Haute-Savoie;;1316;477;621;606
74;Haute-Savoie;;602;121;334;210
74;Haute-Savoie;;3550;1371;2038;1194
74;Haute-Savoie;;401;190;249;121
74;Haute-Savoie;;587;280;342;185
74;Haute-Savoie;;886;241;523;306
74;Haute-Savoie;;583;217;279;247
74;Haute-Savoie;;4204;1178;2777;1124
74;Haute-Savoie;;5246;2331;3444;1426
74;Haute-Savoie;;534;174;276;188
74;Haute-Savoie;;1537;445;742;662
74;Haute-Savoie;;3711;1044;1798;1636
74;Haute-Savoie;;446;128;247;158
74;Haute-Savoie;;634;172;365;216
74;Haute-Savoie;;371;95;230;112
74;Haute-Savoie;;1329;362;656;569
74;Haute-Savoie;;9074;3239;4936;3475
74;Haute-Savoie;;488;86;223;219
74;Haute-Savoie;;1593;558;934;524
74;Haute-Savoie;;459;149;268;143
74;Haute-Savoie;;299;99;145;126
74;Haute-Savoie;;3161;1305;1631;1275
74;Haute-Savoie;;429;104;231;154
74;Haute-Savoie;;595;155;417;121
74;Haute-Savoie;;2757;736;1826;714
74;Haute-Savoie;;248;92;143;76
74;Haute-Savoie;;3035;743;1626;1198
74;Haute-Savoie;;500;146;247;200
74;Haute-Savoie;;1457;450;909;432
74;Haute-Savoie;;1873;726;966;713
74;Haute-Savoie;;3018;1071;1512;1309
74;Haute-Savoie;;568;116;274;252
74;Haute-Savoie;;3639;1092;2118;1188
74;Haute-Savoie;;16099;7769;9421;5337
74;Haute-Savoie;;5809;1655;3300;2041
74;Haute-Savoie;;683;170;336;289
74;Haute-Savoie;;534;188;251;242
74;Haute-Savoie;;253;66;145;85
74;Haute-Savoie;;1817;959;973;730
74;Haute-Savoie;;284;70;201;42
74;Haute-Savoie;;661;167;348;266
74;Haute-Savoie;;1547;654;938;496
74;Haute-Savoie;;418;142;231;139
74;Haute-Savoie;;173;58;83;69
74;Haute-Savoie;;445;119;270;148
74;Haute-Savoie;;3658;1602;2167;1260
74;Haute-Savoie;;1542;455;1140;323
74;Haute-Savoie;;495;129;251;201
74;Haute-Savoie;;710;175;436;193
74;Haute-Savoie;;2169;473;1364;612
74;Haute-Savoie;;3531;1656;2017;1238
74;Haute-Savoie;;406;118;236;134
74;Haute-Savoie;;526;134;312;169
74;Haute-Savoie;;2111;799;1218;707
74;Haute-Savoie;;884;222;493;324
74;Haute-Savoie;;2602;729;1364;1040
74;Haute-Savoie;;326;102;177;121
74;Haute-Savoie;;754;208;427;252
74;Haute-Savoie;;610;177;373;178
75;Paris;;1014134;354489;809005;141594
76;Seine-Maritime;;805;154;400;345
76;Seine-Maritime;;1547;470;800;611
76;Seine-Maritime;;466;84;229;197
76;Seine-Maritime;;192;35;99;73
76;Seine-Maritime;;880;245;441;384
76;Seine-Maritime;;351;85;155;149
76;Seine-Maritime;;102;19;55;42
76;Seine-Maritime;;277;62;135;118
76;Seine-Maritime;;865;127;522;270
76;Seine-Maritime;;946;213;467;400
76;Seine-Maritime;;613;141;295;278
76;Seine-Maritime;;316;74;175;116
76;Seine-Maritime;;1574;342;982;457
76;Seine-Maritime;;103;23;52;45
76;Seine-Maritime;;109;23;52;49
76;Seine-Maritime;;226;53;109;108
76;Seine-Maritime;;759;206;356;332
76;Seine-Maritime;;176;37;99;64
76;Seine-Maritime;;4651;1263;3223;1034
76;Seine-Maritime;;453;66;211;202
76;Seine-Maritime;;807;183;419;306
76;Seine-Maritime;;3920;1134;2553;1041
76;Seine-Maritime;;209;27;108;83
76;Seine-Maritime;;397;91;236;137
76;Seine-Maritime;;8629;1998;6353;1695
76;Seine-Maritime;;130;13;67;48
76;Seine-Maritime;;366;100;198;144
76;Seine-Maritime;;2486;570;1311;952
76;Seine-Maritime;;749;119;492;205
76;Seine-Maritime;;409;96;220;156
76;Seine-Maritime;;289;60;143;134
76;Seine-Maritime;;686;122;359;274
76;Seine-Maritime;;222;67;106;101
76;Seine-Maritime;;1662;391;788;755
76;Seine-Maritime;;177;33;81;79
76;Seine-Maritime;;468;121;259;167
76;Seine-Maritime;;219;45;101;100
76;Seine-Maritime;;5830;2954;3123;2198
76;Seine-Maritime;;77;24;38;32
76;Seine-Maritime;;451;94;261;154
76;Seine-Maritime;;2332;719;1112;996
76;Seine-Maritime;;1016;200;537;398
76;Seine-Maritime;;42;3;19;16
76;Seine-Maritime;;787;203;367;359
76;Seine-Maritime;;87;31;41;39
76;Seine-Maritime;;128;39;64;51
76;Seine-Maritime;;2092;1114;1042;852
76;Seine-Maritime;;831;228;481;282
76;Seine-Maritime;;119;18;57;54
76;Seine-Maritime;;174;40;105;64
76;Seine-Maritime;;512;115;253;219
76;Seine-Maritime;;99;16;47;39
76;Seine-Maritime;;124;27;67;49
76;Seine-Maritime;;126;26;60;44
76;Seine-Maritime;;1426;430;674;647
76;Seine-Maritime;;146;15;68;65
76;Seine-Maritime;;3850;1925;1995;1484
76;Seine-Maritime;;4545;2272;2348;1789
76;Seine-Maritime;;15080;6338;7228;6475
76;Seine-Maritime;;2385;745;1212;995
76;Seine-Maritime;;624;148;299;277
76;Seine-Maritime;;266;62;126;115
76;Seine-Maritime;;5690;3332;2780;2381
76;Seine-Maritime;;1760;548;891;730
76;Seine-Maritime;;99;16;72;24
76;Seine-Maritime;;993;139;491;415
76;Seine-Maritime;;533;123;258;233
76;Seine-Maritime;;902;277;553;289
76;Seine-Maritime;;4103;1571;2003;1820
76;Seine-Maritime;;9371;4420;4307;4271
76;Seine-Maritime;;88;15;43;35
76;Seine-Maritime;;107;28;53;44
76;Seine-Maritime;;1818;469;1179;514
76;Seine-Maritime;;1050;246;491;487
76;Seine-Maritime;;374;65;242;101
76;Seine-Maritime;;34;4;17;15
76;Seine-Maritime;;915;210;519;302
76;Seine-Maritime;;2127;729;989;983
76;Seine-Maritime;;1272;357;624;542
76;Seine-Maritime;;591;144;325;219
76;Seine-Maritime;;154;30;78;67
76;Seine-Maritime;;389;95;237;129
76;Seine-Maritime;;702;153;322;320
76;Seine-Maritime;;294;62;147;124
76;Seine-Maritime;;323;80;153;142
76;Seine-Maritime;;263;70;121;113
76;Seine-Maritime;;1598;459;743;731
76;Seine-Maritime;;409;114;191;176
76;Seine-Maritime;;843;176;388;373
76;Seine-Maritime;;76;7;38;35
76;Seine-Maritime;;588;120;317;225
76;Seine-Maritime;;308;70;136;134
76;Seine-Maritime;;500;69;229;220
76;Seine-Maritime;;4605;2019;2403;1789
76;Seine-Maritime;;13731;4835;6638;5776
76;Seine-Maritime;;497;123;250;217
76;Seine-Maritime;;118;18;56;53
76;Seine-Maritime;;229;40;120;95
76;Seine-Maritime;;438;90;209;198
76;Seine-Maritime;;1355;297;733;490
76;Seine-Maritime;;252;59;134;87
76;Seine-Maritime;;68816;35279;39420;22711
76;Seine-Maritime;;962;155;539;336
76;Seine-Maritime;;481;84;227;213
76;Seine-Maritime;;75;16;40;29
76;Seine-Maritime;;264;36;148;105
76;Seine-Maritime;;411;93;196;185
76;Seine-Maritime;;214;46;100;81
76;Seine-Maritime;;1891;342;1217;495
76;Seine-Maritime;;249;53;119;110
76;Seine-Maritime;;195;58;109;64
76;Seine-Maritime;;2367;471;1572;599
76;Seine-Maritime;;232;42;111;107
76;Seine-Maritime;;302;76;156;127
76;Seine-Maritime;;1635;368;886;593
76;Seine-Maritime;;222;34;109;96
76;Seine-Maritime;;111;35;55;49
76;Seine-Maritime;;3502;1273;1620;1530
76;Seine-Maritime;;797;155;417;310
76;Seine-Maritime;;233;49;112;101
76;Seine-Maritime;;541;142;256;234
76;Seine-Maritime;;4645;1802;2233;2029
76;Seine-Maritime;;477;140;241;189
76;Seine-Maritime;;277;71;133;120
76;Seine-Maritime;;672;147;315;281
76;Seine-Maritime;;105;20;57;37
76;Seine-Maritime;;551;107;267;249
76;Seine-Maritime;;24;4;20;2
76;Seine-Maritime;;5015;1321;3319;1320
76;Seine-Maritime;;473;114;224;219
76;Seine-Maritime;;678;151;332;280
76;Seine-Maritime;;221;47;111;93
76;Seine-Maritime;;890;170;560;248
76;Seine-Maritime;;8830;3410;4564;3483
76;Seine-Maritime;;995;227;546;383
76;Seine-Maritime;;9847;2854;7163;1929
76;Seine-Maritime;;2828;834;1434;1198
76;Seine-Maritime;;670;160;319;280
76;Seine-Maritime;;2498;973;1183;1145
76;Seine-Maritime;;1567;305;872;569
76;Seine-Maritime;;3649;1179;2066;1270
76;Seine-Maritime;;3981;892;2618;1089
76;Seine-Maritime;;312;64;145;132
76;Seine-Maritime;;4095;968;2239;1553
76;Seine-Maritime;;2225;568;1244;835
76;Seine-Maritime;;5107;2268;2386;2138
76;Seine-Maritime;;138;30;67;59
76;Seine-Maritime;;338;56;190;126
76;Seine-Maritime;;4203;1771;2009;1763
76;Seine-Maritime;;8180;4251;4322;3055
76;Seine-Maritime;;98;13;50;34
76;Seine-Maritime;;349;78;175;150
76;Seine-Maritime;;858;125;462;319
76;Seine-Maritime;;99;20;52;39
76;Seine-Maritime;;1203;315;681;427
76;Seine-Maritime;;415;74;261;125
76;Seine-Maritime;;691;181;383;244
76;Seine-Maritime;;397;66;214;149
76;Seine-Maritime;;305;58;160;121
76;Seine-Maritime;;2238;480;1437;634
76;Seine-Maritime;;45;23;29;12
76;Seine-Maritime;;101;11;51;43
76;Seine-Maritime;;829;169;407;362
76;Seine-Maritime;;211;48;101;95
76;Seine-Maritime;;688;157;365;261
76;Seine-Maritime;;821;140;480;253
76;Seine-Maritime;;41954;17607;29245;9114
76;Seine-Maritime;;965;176;520;349
76;Seine-Maritime;;160;29;78;70
76;Seine-Maritime;;440;83;242;164
76;Seine-Maritime;;468;101;265;166
76;Seine-Maritime;;103;21;51;49
76;Seine-Maritime;;850;174;461;303
76;Seine-Maritime;;4445;1186;3161;954
76;Seine-Maritime;;573;143;316;214
76;Seine-Maritime;;678;164;307;299
76;Seine-Maritime;;689;85;328;291
76;Seine-Maritime;;669;137;382;236
76;Seine-Maritime;;4003;1716;1863;1757
76;Seine-Maritime;;606;127;293;260
76;Seine-Maritime;;803;194;427;303
76;Seine-Maritime;;166;20;100;61
76;Seine-Maritime;;720;153;343;306
76;Seine-Maritime;;119;25;58;55
76;Seine-Maritime;;445;103;210;187
76;Seine-Maritime;;138;29;60;58
76;Seine-Maritime;;340;52;166;143
76;Seine-Maritime;;11047;5802;5773;4016
76;Seine-Maritime;;632;124;385;202
76;Seine-Maritime;;259;62;123;112
76;Seine-Maritime;;474;98;230;210
76;Seine-Maritime;;1940;338;1144;649
76;Seine-Maritime;;911;206;537;302
76;Seine-Maritime;;1191;359;551;512
76;Seine-Maritime;;907;212;477;316
76;Seine-Maritime;;2119;575;1203;716
76;Seine-Maritime;;1092;207;504;499
76;Seine-Maritime;;144;21;75;60
76;Seine-Maritime;;319;87;204;92
76;Seine-Maritime;;1021;266;480;462
76;Seine-Maritime;;210;40;103;95
76;Seine-Maritime;;1061;214;733;264
76;Seine-Maritime;;407;96;205;160
76;Seine-Maritime;;1016;250;606;322
76;Seine-Maritime;;1306;223;937;277
76;Seine-Maritime;;206;30;102;90
76;Seine-Maritime;;202;63;104;86
76;Seine-Maritime;;83;23;44;35
76;Seine-Maritime;;287;57;141;129
76;Seine-Maritime;;535;109;286;202
76;Seine-Maritime;;1533;351;778;633
76;Seine-Maritime;;603;159;289;271
76;Seine-Maritime;;123;25;76;38
76;Seine-Maritime;;2565;809;1294;1045
76;Seine-Maritime;;782;210;380;316
76;Seine-Maritime;;119;23;64;45
76;Seine-Maritime;;293;66;148;118
76;Seine-Maritime;;2218;789;1129;897
76;Seine-Maritime;;465;97;249;171
76;Seine-Maritime;;647;192;309;272
76;Seine-Maritime;;250;43;130;102
76;Seine-Maritime;;732;153;348;325
76;Seine-Maritime;;13800;6124;7916;4416
76;Seine-Maritime;;293;51;153;110
76;Seine-Maritime;;456;90;237;178
76;Seine-Maritime;;526;85;268;210
76;Seine-Maritime;;158;21;78;69
76;Seine-Maritime;;414;64;207;184
76;Seine-Maritime;;812;198;394;345
76;Seine-Maritime;;477;103;214;210
76;Seine-Maritime;;87;9;49;36
76;Seine-Maritime;;497;130;241;210
76;Seine-Maritime;;394;81;205;165
76;Seine-Maritime;;1002;241;462;430
76;Seine-Maritime;;462;94;245;169
76;Seine-Maritime;;924;201;473;380
76;Seine-Maritime;;812;180;532;214
76;Seine-Maritime;;211;47;101;90
76;Seine-Maritime;;754;132;414;266
76;Seine-Maritime;;290;57;145;129
76;Seine-Maritime;;473;129;317;99
76;Seine-Maritime;;242;55;122;105
76;Seine-Maritime;;483;82;264;182
76;Seine-Maritime;;379;80;193;158
76;Seine-Maritime;;217;36;96;95
76;Seine-Maritime;;1116;239;535;495
76;Seine-Maritime;;796;187;466;260
76;Seine-Maritime;;487;151;239;210
76;Seine-Maritime;;133;56;78;45
76;Seine-Maritime;;6212;2585;3142;2583
77;Seine-et-Marne;;743;177;394;289
77;Seine-et-Marne;;241;54;130;101
77;Seine-et-Marne;;1718;471;857;702
77;Seine-et-Marne;;562;152;285;236
77;Seine-et-Marne;;231;48;107;105
77;Seine-et-Marne;;227;79;114;87
77;Seine-et-Marne;;6059;2514;3659;1836
77;Seine-et-Marne;;3185;1178;1899;1054
77;Seine-et-Marne;;962;286;582;322
77;Seine-et-Marne;;224;69;105;100
77;Seine-et-Marne;;492;101;249;207
77;Seine-et-Marne;;71;10;41;25
77;Seine-et-Marne;;3858;1140;2534;1015
77;Seine-et-Marne;;251;64;144;91
77;Seine-et-Marne;;617;149;342;223
77;Seine-et-Marne;;2074;641;1048;857
77;Seine-et-Marne;;194;47;117;66
77;Seine-et-Marne;;1819;507;1061;631
77;Seine-et-Marne;;565;163;304;223
77;Seine-et-Marne;;319;111;149;141
77;Seine-et-Marne;;7575;3439;3906;3044
77;Seine-et-Marne;;1850;854;928;730
77;Seine-et-Marne;;11483;4707;7953;2778
77;Seine-et-Marne;;444;96;292;130
77;Seine-et-Marne;;432;100;222;168
77;Seine-et-Marne;;256;72;164;77
77;Seine-et-Marne;;706;216;340;320
77;Seine-et-Marne;;5498;2077;3183;1775
77;Seine-et-Marne;;136;40;64;60
77;Seine-et-Marne;;1164;324;577;507
77;Seine-et-Marne;;757;302;383;314
77;Seine-et-Marne;;9773;4634;6361;2508
77;Seine-et-Marne;;727;269;339;331
77;Seine-et-Marne;;1808;654;1046;573
77;Seine-et-Marne;;148;39;70;64
77;Seine-et-Marne;;1590;457;944;526
77;Seine-et-Marne;;2412;930;1137;1048
77;Seine-et-Marne;;426;92;203;180
77;Seine-et-Marne;;21759;11292;13157;6671
77;Seine-et-Marne;;2989;939;1855;912
77;Seine-et-Marne;;2138;751;1035;919
77;Seine-et-Marne;;5992;2050;3025;2500
77;Seine-et-Marne;;1731;617;1031;531
77;Seine-et-Marne;;9740;4659;5581;3255
77;Seine-et-Marne;;1007;233;635;302
77;Seine-et-Marne;;810;261;416;330
77;Seine-et-Marne;;1070;376;503;472
77;Seine-et-Marne;;6014;3212;2891;2594
77;Seine-et-Marne;;1746;524;925;642
77;Seine-et-Marne;;3245;1373;1622;1370
77;Seine-et-Marne;;559;169;301;211
77;Seine-et-Marne;;2428;925;1148;1091
77;Seine-et-Marne;;2400;1006;1252;939
77;Seine-et-Marne;;238;71;119;98
77;Seine-et-Marne;;1238;399;792;341
77;Seine-et-Marne;;7283;4754;4298;2332
77;Seine-et-Marne;;4499;1865;2138;1951
77;Seine-et-Marne;;579;151;273;250
77;Seine-et-Marne;;1716;631;910;677
77;Seine-et-Marne;;454;159;216;193
77;Seine-et-Marne;;3327;1431;2039;994
77;Seine-et-Marne;;3101;1090;1692;1134
77;Seine-et-Marne;;1640;541;842;675
77;Seine-et-Marne;;631;214;315;263
77;Seine-et-Marne;;290;81;137;125
77;Seine-et-Marne;;432;99;244;130
77;Seine-et-Marne;;671;234;342;286
77;Seine-et-Marne;;1660;438;933;587
77;Seine-et-Marne;;3734;2086;1737;1716
77;Seine-et-Marne;;390;105;196;170
77;Seine-et-Marne;;7189;2361;4672;1962
77;Seine-et-Marne;;586;190;363;190
77;Seine-et-Marne;;128;35;68;51
77;Seine-et-Marne;;74;17;37;28
77;Seine-et-Marne;;744;184;451;239
77;Seine-et-Marne;;113;35;56;46
77;Seine-et-Marne;;556;132;297;210
77;Seine-et-Marne;;3432;1632;1786;1345
77;Seine-et-Marne;;762;214;411;298
77;Seine-et-Marne;;1366;366;664;610
77;Seine-et-Marne;;693;189;453;187
77;Seine-et-Marne;;99;30;55;38
77;Seine-et-Marne;;1583;470;882;554
77;Seine-et-Marne;;385;135;198;158
77;Seine-et-Marne;;365;106;200;132
77;Seine-et-Marne;;9496;3723;5908;2821
77;Seine-et-Marne;;484;164;282;163
77;Seine-et-Marne;;425;119;199;185
77;Seine-et-Marne;;4013;1570;2378;1346
77;Seine-et-Marne;;4841;2239;2792;1576
77;Seine-et-Marne;;1254;431;643;473
77;Seine-et-Marne;;5912;2733;4162;1241
77;Seine-et-Marne;;435;104;233;159
77;Seine-et-Marne;;187;78;87;83
77;Seine-et-Marne;;3891;1363;2401;1239
77;Seine-et-Marne;;966;359;474;398
77;Seine-et-Marne;;1299;464;609;565
77;Seine-et-Marne;;980;317;487;430
77;Seine-et-Marne;;284;100;136;129
77;Seine-et-Marne;;17571;11053;9691;6243
77;Seine-et-Marne;;6435;4035;3676;2219
77;Seine-et-Marne;;11073;7805;6521;3560
77;Seine-et-Marne;;560;145;266;243
77;Seine-et-Marne;;7661;3972;4014;2950
77;Seine-et-Marne;;799;250;399;343
77;Seine-et-Marne;;6824;3186;3805;2245
77;Seine-et-Marne;;345;80;168;148
77;Seine-et-Marne;;1168;262;575;486
77;Seine-et-Marne;;5557;4315;2933;2041
77;Seine-et-Marne;;5528;1987;3312;1806
77;Seine-et-Marne;;383;111;181;167
77;Seine-et-Marne;;1676;556;919;615
77;Seine-et-Marne;;1893;683;948;763
77;Seine-et-Marne;;6981;2626;3853;2466
77;Seine-et-Marne;;79;26;41;32
77;Seine-et-Marne;;2892;1431;1562;1031
77;Seine-et-Marne;;310;57;145;144
77;Seine-et-Marne;;3141;1198;1585;1288
77;Seine-et-Marne;;4515;2411;2216;1882
77;Seine-et-Marne;;1246;386;564;546
77;Seine-et-Marne;;5724;3092;3905;1246
77;Seine-et-Marne;;1190;362;659;446
77;Seine-et-Marne;;368;108;188;145
77;Seine-et-Marne;;200;71;99;87
77;Seine-et-Marne;;9718;4387;5453;3511
77;Seine-et-Marne;;106;29;53;38
77;Seine-et-Marne;;1196;363;636;463
77;Seine-et-Marne;;452;151;206;197
77;Seine-et-Marne;;1833;625;1064;632
77;Seine-et-Marne;;15077;6916;8894;4994
77;Seine-et-Marne;;1056;417;517;435
77;Seine-et-Marne;;1187;402;582;506
77;Seine-et-Marne;;1639;609;816;696
77;Seine-et-Marne;;4500;2231;2170;1948
77;Seine-et-Marne;;2834;1177;1408;1174
77;Seine-et-Marne;;429;159;283;121
77;Seine-et-Marne;;1668;537;974;534
77;Seine-et-Marne;;9358;4137;5609;2920
77;Seine-et-Marne;;481;144;219;217
77;Seine-et-Marne;;1239;422;686;454
77;Seine-et-Marne;;79;11;40;32
77;Seine-et-Marne;;6500;2801;3230;2727
77;Seine-et-Marne;;409;132;194;180
77;Seine-et-Marne;;230;65;106;104
77;Seine-et-Marne;;1972;738;947;847
77;Seine-et-Marne;;452;167;210;207
77;Seine-et-Marne;;1658;696;754;734
77;Seine-et-Marne;;499;136;290;186
77;Seine-et-Marne;;224;41;123;86
77;Seine-et-Marne;;2859;1195;1421;1202
77;Seine-et-Marne;;1173;472;568;506
77;Seine-et-Marne;;699;190;390;253
77;Seine-et-Marne;;3195;1329;2043;901
77;Seine-et-Marne;;1316;364;896;313
77;Seine-et-Marne;;1443;515;801;513
77;Seine-et-Marne;;11118;6673;6405;3526
77;Seine-et-Marne;;1150;340;688;362
77;Seine-et-Marne;;3628;1418;2284;1086
77;Seine-et-Marne;;1880;712;968;760
77;Seine-et-Marne;;2155;661;1370;595
77;Seine-et-Marne;;4559;1986;2680;1516
77;Seine-et-Marne;;235;50;107;98
77;Seine-et-Marne;;8180;4455;5327;2077
77;Seine-et-Marne;;4022;1600;2167;1498
77;Seine-et-Marne;;236;70;113;99
77;Seine-et-Marne;;2541;990;1224;1055
77;Seine-et-Marne;;520;138;263;220
77;Seine-et-Marne;;6100;2611;3675;1856
77;Seine-et-Marne;;1574;642;709;682
77;Seine-et-Marne;;537;137;294;204
77;Seine-et-Marne;;5985;2418;3429;2036
77;Seine-et-Marne;;356;130;177;153
77;Seine-et-Marne;;3898;1645;1998;1503
77;Seine-et-Marne;;122;31;56;55
77;Seine-et-Marne;;178;51;96;74
77;Seine-et-Marne;;441;169;210;193
77;Seine-et-Marne;;975;345;560;353
77;Seine-et-Marne;;485;131;255;193
77;Seine-et-Marne;;2042;972;987;845
77;Seine-et-Marne;;9111;4985;5061;3265
77;Seine-et-Marne;;441;107;216;184
77;Seine-et-Marne;;136;38;68;56
77;Seine-et-Marne;;492;132;281;159
77;Seine-et-Marne;;1010;320;459;453
77;Seine-et-Marne;;328;102;191;118
77;Seine-et-Marne;;687;218;360;282
77;Seine-et-Marne;;918;293;434;416
77;Seine-et-Marne;;44;5;24;19
77;Seine-et-Marne;;1622;462;948;542
78;Yvelines;;1957;554;1024;763
78;Yvelines;;8782;4413;5366;2623
78;Yvelines;;505;121;285;181
78;Yvelines;;681;182;499;142
78;Yvelines;;826;180;547;236
78;Yvelines;;333;70;199;102
78;Yvelines;;6619;2545;4429;1668
78;Yvelines;;564;121;305;223
78;Yvelines;;4697;2169;2475;1834
78;Yvelines;;1288;350;875;319
78;Yvelines;;352;107;166;162
78;Yvelines;;695;178;366;276
78;Yvelines;;573;139;352;188
78;Yvelines;;400;80;262;102
78;Yvelines;;2463;661;1740;542
78;Yvelines;;900;232;544;296
78;Yvelines;;1056;263;654;324
78;Yvelines;;416;106;254;132
78;Yvelines;;346;56;226;93
78;Yvelines;;948;338;454;411
78;Yvelines;;4384;1400;2547;1468
78;Yvelines;;567;161;276;239
78;Yvelines;;205;28;98;97
78;Yvelines;;176;40;92;72
78;Yvelines;;7079;2446;4310;2169
78;Yvelines;;179;44;99;68
78;Yvelines;;461;101;264;158
78;Yvelines;;409;83;260;102
78;Yvelines;;1213;336;763;323
78;Yvelines;;1045;340;562;427
78;Yvelines;;4460;1535;3114;1070
78;Yvelines;;374;85;240;110
78;Yvelines;;421;87;223;170
78;Yvelines;;1165;288;552;534
78;Yvelines;;699;146;379;267
78;Yvelines;;396;100;200;158
78;Yvelines;;3549;807;2527;807
78;Yvelines;;1422;623;840;457
78;Yvelines;;1136;280;739;315
78;Yvelines;;6371;3354;4262;1646
78;Yvelines;;7333;2279;5373;1515
78;Yvelines;;595;112;402;155
78;Yvelines;;10263;3938;7309;2274
78;Yvelines;;924;188;598;251
78;Yvelines;;3112;966;2201;724
78;Yvelines;;3339;2353;2229;848
78;Yvelines;;737;195;433;264
78;Yvelines;;1044;233;796;191
78;Yvelines;;15475;4971;11322;3136
78;Yvelines;;1210;239;903;240
78;Yvelines;;17616;5163;11831;4620
78;Yvelines;;3278;924;2298;775
78;Yvelines;;405;78;268;107
78;Yvelines;;509;116;332;141
78;Yvelines;;8216;3263;5241;2306
78;Yvelines;;1689;795;1073;482
78;Yvelines;;715;219;419;227
78;Yvelines;;16806;7221;10704;4706
78;Yvelines;;283;50;153;104
78;Yvelines;;267;71;135;106
78;Yvelines;;1140;292;766;311
78;Yvelines;;6003;1556;4607;1066
78;Yvelines;;675;153;467;156
78;Yvelines;;152;17;81;58
78;Yvelines;;207;45;142;54
78;Yvelines;;1879;858;1128;605
78;Yvelines;;11914;4497;7946;2932
78;Yvelines;;551;115;370;136
78;Yvelines;;3147;1091;1740;1136
78;Yvelines;;3746;1256;2384;1073
78;Yvelines;;3086;773;2308;591
78;Yvelines;;447;103;287;128
78;Yvelines;;354;98;197;138
78;Yvelines;;105;23;58;40
78;Yvelines;;2003;386;1487;406
78;Yvelines;;375;117;229;128
78;Yvelines;;1221;451;638;495
78;Yvelines;;6019;2170;4030;1505
78;Yvelines;;338;60;180;129
78;Yvelines;;619;181;355;223
78;Yvelines;;2101;845;1024;909
78;Yvelines;;408;135;217;151
78;Yvelines;;763;229;468;238
78;Yvelines;;1651;461;1013;495
78;Yvelines;;58;5;36;13
78;Yvelines;;1517;435;855;552
78;Yvelines;;3629;1653;1750;1594
78;Yvelines;;767;227;459;248
78;Yvelines;;383;99;182;168
78;Yvelines;;342;66;219;90
78;Yvelines;;387;108;188;179
78;Yvelines;;181;50;103;54
78;Yvelines;;372;70;223;126
78;Yvelines;;698;129;503;161
78;Yvelines;;1199;394;580;504
78;Yvelines;;12782;5534;8802;2897
78;Yvelines;;1105;455;630;383
78;Yvelines;;244;65;135;94
78;Yvelines;;157;35;104;48
78;Yvelines;;172;39;117;44
78;Yvelines;;689;182;399;245
78;Yvelines;;1769;538;1007;603
78;Yvelines;;16187;5761;11400;3619
78;Yvelines;;2205;760;1050;985
78;Yvelines;;434;154;242;159
78;Yvelines;;3321;978;2211;892
78;Yvelines;;4006;995;2988;765
78;Yvelines;;291;63;153;101
78;Yvelines;;375;108;198;147
78;Yvelines;;1995;774;1017;819
78;Yvelines;;510;162;267;214
78;Yvelines;;1044;291;684;281
78;Yvelines;;6122;3377;3403;2170
78;Yvelines;;1037;266;764;208
78;Yvelines;;318;75;191;105
78;Yvelines;;4152;1053;3016;929
78;Yvelines;;2912;1258;1622;1053
78;Yvelines;;4886;1854;3203;1281
78;Yvelines;;13305;3762;9773;2782
78;Yvelines;;12958;9223;8921;2833
78;Yvelines;;7180;4531;4221;2439
78;Yvelines;;467;119;274;157
78;Yvelines;;263;50;167;72
78;Yvelines;;2319;498;1717;483
78;Yvelines;;1118;240;724;320
78;Yvelines;;9299;2792;6710;2009
78;Yvelines;;3243;994;1965;1022
78;Yvelines;;591;129;328;215
78;Yvelines;;2290;646;1484;625
78;Yvelines;;9703;3809;6295;2572
78;Yvelines;;828;236;580;195
78;Yvelines;;1141;288;711;336
78;Yvelines;;3627;1085;2506;879
78;Yvelines;;4175;1173;2878;1005
78;Yvelines;;598;156;420;137
78;Yvelines;;3190;1514;1791;1115
78;Yvelines;;2011;758;1127;732
78;Yvelines;;1040;335;590;363
78;Yvelines;;163;35;120;34
78;Yvelines;;196;45;137;48
78;Yvelines;;454;101;247;170
78;Yvelines;;532;187;288;192
78;Yvelines;;368;92;210;129
78;Yvelines;;187;52;91;84
78;Yvelines;;186;40;106;67
78;Yvelines;;8046;2361;5639;1838
78;Yvelines;;1613;507;1081;437
78;Yvelines;;17170;5817;12209;3627
78;Yvelines;;1708;376;1176;425
78;Yvelines;;70;24;44;23
78;Yvelines;;8955;7171;6142;2040
78;Yvelines;;1856;461;1294;463
78;Yvelines;;557;105;383;142
78;Yvelines;;559;167;256;244
78;Yvelines;;4936;1162;3541;1072
78;Yvelines;;682;229;365;265
78;Yvelines;;553;113;346;162
78;Yvelines;;1540;454;950;457
78;Yvelines;;3894;1162;2800;883
78;Yvelines;;574;128;346;185
78;Yvelines;;196;41;88;87
78;Yvelines;;508;145;288;179
78;Yvelines;;260;52;150;89
78;Yvelines;;7831;2831;5394;1935
78;Yvelines;;391;94;191;163
78;Yvelines;;3909;1270;2306;1299
78;Yvelines;;13878;5767;9190;3596
78;Yvelines;;620;113;360;209
78;Yvelines;;15859;6467;10948;3610
78;Yvelines;;438;90;271;139
78;Yvelines;;2154;880;1424;606
78;Yvelines;;267;97;148;97
78;Yvelines;;541;103;303;197
78;Yvelines;;1341;383;845;396
78;Yvelines;;594;176;341;198
78;Yvelines;;14319;4694;8769;4386
78;Yvelines;;88;8;53;29
78;Yvelines;;817;179;483;268
78;Yvelines;;578;141;396;143
78;Yvelines;;166;47;85;74
78;Yvelines;;230;61;133;76
78;Yvelines;;2790;1202;1522;1035
78;Yvelines;;3565;1027;2093;1191
78;Yvelines;;8536;3415;5487;2438
78;Yvelines;;314;69;225;68
78;Yvelines;;1164;312;778;298
78;Yvelines;;21871;7001;16071;4462
78;Yvelines;;591;151;350;189
78;Yvelines;;315;44;215;76
78;Yvelines;;921;238;563;277
78;Yvelines;;213;42;120;77
78;Yvelines;;584;138;272;262
78;Yvelines;;492;145;310;141
78;Yvelines;;3252;721;2454;640
78;Yvelines;;4636;1294;3325;960
78;Yvelines;;1000;270;560;370
78;Yvelines;;20624;10292;13937;5032
78;Yvelines;;528;145;296;175
78;Yvelines;;332;57;220;85
78;Yvelines;;1191;400;673;425
78;Yvelines;;378;129;204;150
78;Yvelines;;1014;248;577;353
78;Yvelines;;689;156;378;242
78;Yvelines;;33;7;19;13
78;Yvelines;;601;171;314;243
78;Yvelines;;569;128;374;155
78;Yvelines;;829;238;509;263
78;Yvelines;;350;75;179;140
78;Yvelines;;720;136;480;200
78;Yvelines;;8418;5925;5659;1978
78;Yvelines;;534;98;325;162
78;Yvelines;;6368;2193;4165;1789
78;Yvelines;;2391;883;1422;786
78;Yvelines;;10918;3708;6984;3039
78;Yvelines;;7816;2986;5171;2024
78;Yvelines;;4596;1752;3274;1057
78;Yvelines;;1831;1262;1231;457
78;Yvelines;;44207;13987;28452;12591
78;Yvelines;;468;117;247;183
78;Yvelines;;9713;2532;7376;1846
78;Yvelines;;217;23;137;66
78;Yvelines;;467;104;295;121
78;Yvelines;;407;79;195;185
78;Yvelines;;3414;938;2510;699
78;Yvelines;;5998;1854;3909;1695
78;Yvelines;;345;94;189;134
78;Yvelines;;512;108;262;212
78;Yvelines;;1844;520;1247;465
78;Yvelines;;9356;2294;7049;1670
78;Yvelines;;7117;1586;5121;1520
79;Deux-Sèvres;;510;198;275;191
79;Deux-Sèvres;;205;37;123;55
79;Deux-Sèvres;;3473;885;2120;976
79;Deux-Sèvres;;1937;538;929;857
79;Deux-Sèvres;;344;103;188;125
79;Deux-Sèvres;;448;129;210;194
79;Deux-Sèvres;;274;84;135;114
79;Deux-Sèvres;;418;119;221;152
79;Deux-Sèvres;;761;240;412;269
79;Deux-Sèvres;;1765;584;996;647
79;Deux-Sèvres;;93;40;45;39
79;Deux-Sèvres;;524;154;248;223
79;Deux-Sèvres;;130;34;66;47
79;Deux-Sèvres;;45;13;32;12
79;Deux-Sèvres;;1168;262;610;436
79;Deux-Sèvres;;657;184;365;239
79;Deux-Sèvres;;388;92;193;142
79;Deux-Sèvres;;616;209;343;208
79;Deux-Sèvres;;1040;304;550;361
79;Deux-Sèvres;;337;99;185;123
79;Deux-Sèvres;;1184;311;808;277
79;Deux-Sèvres;;648;203;377;220
79;Deux-Sèvres;;141;33;73;57
79;Deux-Sèvres;;341;105;164;138
79;Deux-Sèvres;;3624;1111;2201;1055
79;Deux-Sèvres;;10549;3375;6442;3288
79;Deux-Sèvres;;333;91;184;110
79;Deux-Sèvres;;39;3;20;13
79;Deux-Sèvres;;841;244;453;327
79;Deux-Sèvres;;425;156;217;170
79;Deux-Sèvres;;106;21;60;40
79;Deux-Sèvres;;2186;824;1135;825
79;Deux-Sèvres;;2401;869;1347;843
79;Deux-Sèvres;;471;142;219;198
79;Deux-Sèvres;;906;304;503;334
79;Deux-Sèvres;;565;173;320;201
79;Deux-Sèvres;;254;52;139;86
79;Deux-Sèvres;;326;70;173;123
79;Deux-Sèvres;;111;30;57;38
79;Deux-Sèvres;;1137;315;712;344
79;Deux-Sèvres;;403;124;213;165
79;Deux-Sèvres;;547;183;272;225
79;Deux-Sèvres;;4624;1125;2839;1411
79;Deux-Sèvres;;1644;550;909;586
79;Deux-Sèvres;;4206;1018;2624;1198
79;Deux-Sèvres;;1223;493;603;511
79;Deux-Sèvres;;108;19;66;36
79;Deux-Sèvres;;1095;300;665;316
79;Deux-Sèvres;;995;250;556;370
79;Deux-Sèvres;;440;123;253;149
79;Deux-Sèvres;;606;151;350;206
79;Deux-Sèvres;;554;139;316;206
79;Deux-Sèvres;;723;188;428;223
79;Deux-Sèvres;;1449;387;865;464
79;Deux-Sèvres;;1282;412;748;427
79;Deux-Sèvres;;1322;446;771;449
79;Deux-Sèvres;;336;80;205;92
79;Deux-Sèvres;;2315;541;1480;625
79;Deux-Sèvres;;531;135;291;188
79;Deux-Sèvres;;875;228;424;376
79;Deux-Sèvres;;326;92;155;132
79;Deux-Sèvres;;581;132;312;222
79;Deux-Sèvres;;353;78;193;139
79;Deux-Sèvres;;176;62;88;74
79;Deux-Sèvres;;373;132;176;160
79;Deux-Sèvres;;448;126;210;203
79;Deux-Sèvres;;1378;378;742;531
79;Deux-Sèvres;;1097;270;654;314
79;Deux-Sèvres;;278;64;138;114
79;Deux-Sèvres;;470;121;248;180
79;Deux-Sèvres;;626;148;374;191
79;Deux-Sèvres;;1099;248;735;265
79;Deux-Sèvres;;1776;471;992;616
79;Deux-Sèvres;;697;155;388;228
79;Deux-Sèvres;;315;108;174;122
79;Deux-Sèvres;;563;130;299;220
79;Deux-Sèvres;;498;141;242;213
79;Deux-Sèvres;;556;134;301;193
79;Deux-Sèvres;;47;3;22;19
79;Deux-Sèvres;;140;21;69;65
79;Deux-Sèvres;;58;12;33;15
79;Deux-Sèvres;;235;64;115;88
79;Deux-Sèvres;;419;133;217;168
79;Deux-Sèvres;;1049;388;543;389
79;Deux-Sèvres;;89;15;41;36
79;Deux-Sèvres;;149;49;68;57
79;Deux-Sèvres;;420;115;217;168
79;Deux-Sèvres;;780;192;359;357
79;Deux-Sèvres;;90;18;41;37
79;Deux-Sèvres;;123;26;67;44
79;Deux-Sèvres;;381;120;178;176
79;Deux-Sèvres;;1906;474;1287;456
79;Deux-Sèvres;;134;40;63;56
79;Deux-Sèvres;;104;17;64;28
79;Deux-Sèvres;;504;163;282;184
79;Deux-Sèvres;;1626;485;897;602
79;Deux-Sèvres;;629;159;349;216
79;Deux-Sèvres;;3253;1249;1866;1059
79;Deux-Sèvres;;453;146;217;185
79;Deux-Sèvres;;102;31;48;45
79;Deux-Sèvres;;2998;804;1796;949
79;Deux-Sèvres;;200;56;117;60
79;Deux-Sèvres;;895;269;442;381
79;Deux-Sèvres;;2746;832;1527;952
79;Deux-Sèvres;;249;75;127;98
79;Deux-Sèvres;;28324;10968;19017;6511
79;Deux-Sèvres;;3026;949;1659;1138
79;Deux-Sèvres;;144;44;73;58
79;Deux-Sèvres;;915;334;438;403
79;Deux-Sèvres;;5176;2088;3097;1566
79;Deux-Sèvres;;596;137;339;186
79;Deux-Sèvres;;30;11;19;11
79;Deux-Sèvres;;413;82;253;121
79;Deux-Sèvres;;644;145;367;233
79;Deux-Sèvres;;633;155;371;205
79;Deux-Sèvres;;132;34;67;51
79;Deux-Sèvres;;1404;293;853;414
79;Deux-Sèvres;;189;69;100;75
79;Deux-Sèvres;;1295;364;810;376
79;Deux-Sèvres;;545;184;287;183
79;Deux-Sèvres;;338;102;169;140
79;Deux-Sèvres;;29;10;15;9
79;Deux-Sèvres;;143;48;68;57
79;Deux-Sèvres;;250;73;139;88
79;Deux-Sèvres;;413;124;202;156
79;Deux-Sèvres;;799;241;485;255
79;Deux-Sèvres;;389;99;200;142
79;Deux-Sèvres;;343;83;214;112
79;Deux-Sèvres;;1008;337;539;346
79;Deux-Sèvres;;367;73;195;127
79;Deux-Sèvres;;617;187;330;238
79;Deux-Sèvres;;134;45;65;57
79;Deux-Sèvres;;1411;326;870;383
79;Deux-Sèvres;;469;116;264;148
79;Deux-Sèvres;;208;55;117;68
79;Deux-Sèvres;;374;108;185;146
79;Deux-Sèvres;;274;71;148;94
79;Deux-Sèvres;;257;92;130;99
79;Deux-Sèvres;;838;185;468;293
79;Deux-Sèvres;;750;185;350;347
79;Deux-Sèvres;;183;44;86;79
79;Deux-Sèvres;;569;166;275;245
79;Deux-Sèvres;;233;75;130;84
79;Deux-Sèvres;;2754;1113;1403;1107
79;Deux-Sèvres;;172;48;81;68
79;Deux-Sèvres;;470;151;248;167
79;Deux-Sèvres;;656;201;329;276
79;Deux-Sèvres;;138;44;72;49
79;Deux-Sèvres;;498;123;281;183
79;Deux-Sèvres;;864;193;560;244
79;Deux-Sèvres;;766;220;409;299
79;Deux-Sèvres;;458;126;221;187
79;Deux-Sèvres;;1038;297;560;364
79;Deux-Sèvres;;287;79;140;125
79;Deux-Sèvres;;830;180;492;289
79;Deux-Sèvres;;588;134;326;203
79;Deux-Sèvres;;692;141;425;214
79;Deux-Sèvres;;109;26;70;27
79;Deux-Sèvres;;444;117;220;166
79;Deux-Sèvres;;209;66;107;85
79;Deux-Sèvres;;1313;292;831;384
79;Deux-Sèvres;;1292;483;608;591
79;Deux-Sèvres;;881;240;428;381
79;Deux-Sèvres;;386;94;202;137
79;Deux-Sèvres;;883;196;435;368
79;Deux-Sèvres;;501;115;278;152
79;Deux-Sèvres;;117;26;66;43
79;Deux-Sèvres;;406;79;271;88
79;Deux-Sèvres;;307;83;161;113
79;Deux-Sèvres;;1001;317;549;374
79;Deux-Sèvres;;78;14;41;25
79;Deux-Sèvres;;385;88;178;159
79;Deux-Sèvres;;526;159;250;221
79;Deux-Sèvres;;389;93;209;148
79;Deux-Sèvres;;1235;393;730;400
79;Deux-Sèvres;;7086;2980;3643;2772
79;Deux-Sèvres;;515;125;267;197
79;Deux-Sèvres;;165;41;79;77
79;Deux-Sèvres;;550;195;298;194
79;Deux-Sèvres;;128;32;72;44
79;Deux-Sèvres;;1043;268;573;368
79;Deux-Sèvres;;334;92;179;139
79;Deux-Sèvres;;147;30;88;46
79;Deux-Sèvres;;563;158;332;175
79;Deux-Sèvres;;80;28;38;29
79;Deux-Sèvres;;671;146;369;251
79;Deux-Sèvres;;131;42;67;50
79;Deux-Sèvres;;82;23;41;35
79;Deux-Sèvres;;997;266;565;332
79;Deux-Sèvres;;97;47;51;37
79;Deux-Sèvres;;229;47;130;71
79;Deux-Sèvres;;2280;479;1400;642
79;Deux-Sèvres;;144;37;77;48
80;Somme;;141;42;76;60
80;Somme;;1705;441;826;712
80;Somme;;511;90;333;143
80;Somme;;50250;24123;31450;14896
80;Somme;;379;95;190;164
80;Somme;;152;31;76;66
80;Somme;;22;2;12;10
80;Somme;;46;17;23;20
80;Somme;;97;23;45;43
80;Somme;;85;9;43;42
80;Somme;;152;48;80;60
80;Somme;;110;17;54;46
80;Somme;;43;14;20;15
80;Somme;;338;66;214;102
80;Somme;;160;50;81;70
80;Somme;;57;16;31;25
80;Somme;;109;25;53;44
80;Somme;;186;17;85;82
80;Somme;;221;49;105;104
80;Somme;;334;74;187;120
80;Somme;;507;109;232;206
80;Somme;;95;18;57;30
80;Somme;;35;7;17;13
80;Somme;;456;103;270;137
80;Somme;;129;33;61;56
80;Somme;;413;70;219;149
80;Somme;;145;36;67;64
80;Somme;;200;43;94;93
80;Somme;;110;27;50;45
80;Somme;;78;17;43;31
80;Somme;;265;55;135;115
80;Somme;;231;58;124;88
80;Somme;;590;154;276;275
80;Somme;;293;51;177;87
80;Somme;;1984;524;1099;722
80;Somme;;37;8;20;16
80;Somme;;207;37;100;96
80;Somme;;201;30;102;77
80;Somme;;140;25;64;61
80;Somme;;235;46;125;92
80;Somme;;208;35;95;94
80;Somme;;276;53;151;95
80;Somme;;814;188;539;198
80;Somme;;134;22;62;56
80;Somme;;2635;721;1502;887
80;Somme;;138;29;68;65
80;Somme;;66;14;33;32
80;Somme;;414;90;206;175
80;Somme;;330;83;195;104
80;Somme;;73;14;38;34
80;Somme;;484;74;245;207
80;Somme;;414;82;194;191
80;Somme;;81;23;43;35
80;Somme;;27;7;16;9
80;Somme;;283;52;148;112
80;Somme;;269;46;183;66
80;Somme;;74;6;34;32
80;Somme;;276;56;161;96
80;Somme;;112;11;59;45
80;Somme;;45;13;27;17
80;Somme;;70;16;38;27
80;Somme;;147;30;86;51
80;Somme;;259;52;122;114
80;Somme;;241;59;110;103
80;Somme;;219;29;99;96
80;Somme;;955;356;498;390
80;Somme;;616;157;370;193
80;Somme;;795;187;516;219
80;Somme;;400;75;212;156
80;Somme;;227;47;107;105
80;Somme;;177;31;92;70
80;Somme;;170;27;90;58
80;Somme;;195;35;125;55
80;Somme;;32;14;21;9
80;Somme;;361;90;220;112
80;Somme;;360;64;197;142
80;Somme;;1276;352;610;565
80;Somme;;231;47;122;100
80;Somme;;208;54;102;88
80;Somme;;1038;230;564;415
80;Somme;;67;17;38;19
80;Somme;;91;15;48;37
80;Somme;;178;34;83;75
80;Somme;;96;31;45;43
80;Somme;;182;42;88;81
80;Somme;;56;10;32;21
80;Somme;;100;4;46;44
80;Somme;;431;67;277;131
80;Somme;;472;58;281;151
80;Somme;;310;59;163;123
80;Somme;;255;48;129;103
80;Somme;;246;45;132;91
80;Somme;;128;13;65;56
80;Somme;;90;24;48;38
80;Somme;;95;18;49;30
80;Somme;;278;59;150;110
80;Somme;;367;52;216;111
80;Somme;;266;54;126;117
80;Somme;;457;99;217;215
80;Somme;;350;92;167;159
80;Somme;;54;13;26;21
80;Somme;;267;42;143;97
80;Somme;;160;25;79;65
80;Somme;;237;46;113;108
80;Somme;;110;13;56;43
80;Somme;;77;4;34;33
80;Somme;;2995;951;1401;1258
80;Somme;;117;34;56;53
80;Somme;;113;22;54;52
80;Somme;;106;19;48;46
80;Somme;;69;14;32;30
80;Somme;;723;213;360;294
80;Somme;;75;10;40;32
80;Somme;;103;39;48;47
80;Somme;;10;2;5;4
80;Somme;;133;22;68;58
80;Somme;;89;22;48;35
80;Somme;;245;43;121;96
80;Somme;;124;28;60;48
80;Somme;;71;6;43;23
80;Somme;;272;62;132;119
80;Somme;;128;17;66;57
80;Somme;;172;54;99;51
80;Somme;;238;48;112;102
80;Somme;;89;29;40;39
80;Somme;;3711;1759;1742;1724
80;Somme;;183;39;109;54
80;Somme;;198;56;99;78
80;Somme;;641;157;360;225
80;Somme;;1333;341;772;459
80;Somme;;540;122;297;195
80;Somme;;764;193;476;224
80;Somme;;388;69;213;157
80;Somme;;433;125;206;188
80;Somme;;185;51;88;80
80;Somme;;668;119;326;271
80;Somme;;119;19;69;42
80;Somme;;361;88;185;152
80;Somme;;1997;725;1163;660
80;Somme;;107;24;55;48
80;Somme;;463;113;228;205
80;Somme;;410;83;230;150
80;Somme;;830;160;566;200
80;Somme;;21;4;11;8
80;Somme;;890;180;647;175
80;Somme;;266;46;142;91
80;Somme;;59;17;30;25
80;Somme;;779;116;392;324
80;Somme;;617;129;341;234
80;Somme;;843;220;409;360
80;Somme;;50;4;23;19
80;Somme;;1459;410;777;561
80;Somme;;167;35;98;55
80;Somme;;1608;516;866;613
80;Somme;;1868;582;1166;542
80;Somme;;177;41;85;80
80;Somme;;644;169;380;213
80;Somme;;124;21;71;40
80;Somme;;191;36;90;84
80;Somme;;131;30;68;51
80;Somme;;54;12;28;19
80;Somme;;715;129;349;321
80;Somme;;351;55;167;155
80;Somme;;442;74;212;184
80;Somme;;233;60;112;100
80;Somme;;29;0;16;10
80;Somme;;82;26;45;25
80;Somme;;536;166;257;231
80;Somme;;263;74;118;110
80;Somme;;312;42;147;143
80;Somme;;53;8;27;24
80;Somme;;199;46;110;73
80;Somme;;125;23;59;56
80;Somme;;578;141;337;187
80;Somme;;1017;247;566;370
80;Somme;;2716;849;1264;1224
80;Somme;;108;14;56;44
80;Somme;;63;15;34;23
80;Somme;;31;6;18;12
80;Somme;;206;40;113;80
80;Somme;;176;25;92;64
81;Tarn;;188;30;85;77
81;Tarn;;567;154;294;208
81;Tarn;;23541;9749;13795;7157
81;Tarn;;158;25;82;61
81;Tarn;;49;13;20;17
81;Tarn;;199;53;97;75
81;Tarn;;707;179;337;303
81;Tarn;;85;17;36;34
81;Tarn;;264;59;153;86
81;Tarn;;48;10;21;14
81;Tarn;;170;42;85;51
81;Tarn;;95;36;45;37
81;Tarn;;1557;407;714;663
81;Tarn;;116;23;51;50
81;Tarn;;180;36;88;73
81;Tarn;;3028;1256;1633;1109
81;Tarn;;155;24;86;50
81;Tarn;;207;65;101;82
81;Tarn;;169;30;76;73
81;Tarn;;115;21;50;44
81;Tarn;;138;29;71;47
81;Tarn;;1451;362;671;637
81;Tarn;;1196;334;562;486
81;Tarn;;85;11;41;35
81;Tarn;;182;39;77;74
81;Tarn;;949;186;469;380
81;Tarn;;218;60;98;89
81;Tarn;;690;203;370;238
81;Tarn;;1468;275;717;595
81;Tarn;;102;17;47;40
81;Tarn;;491;122;226;198
81;Tarn;;148;24;90;40
81;Tarn;;1049;294;510;427
81;Tarn;;660;190;296;285
81;Tarn;;21090;9052;10642;8425
81;Tarn;;344;80;195;109
81;Tarn;;490;148;261;179
81;Tarn;;1741;545;874;643
81;Tarn;;79;20;39;29
81;Tarn;;1117;241;542;452
81;Tarn;;383;111;181;167
81;Tarn;;623;164;287;270
81;Tarn;;792;185;357;340
81;Tarn;;164;49;84;64
81;Tarn;;39;10;24;13
81;Tarn;;102;24;47;43
81;Tarn;;223;75;106;80
81;Tarn;;123;26;58;54
81;Tarn;;156;29;75;60
81;Tarn;;555;163;251;222
81;Tarn;;486;101;254;161
81;Tarn;;59;19;30;27
81;Tarn;;305;47;145;122
81;Tarn;;963;207;452;380
81;Tarn;;7731;2982;3729;3145
81;Tarn;;211;42;102;83
81;Tarn;;1022;284;469;435
81;Tarn;;399;90;192;153
81;Tarn;;110;28;65;36
81;Tarn;;66;27;30;19
81;Tarn;;56;10;29;21
81;Tarn;;659;133;326;272
81;Tarn;;1216;350;574;536
81;Tarn;;104;17;50;46
81;Tarn;;46;22;26;17
81;Tarn;;75;16;41;31
81;Tarn;;127;23;58;52
81;Tarn;;107;26;51;46
81;Tarn;;1116;280;501;488
81;Tarn;;314;69;164;118
81;Tarn;;58;25;23;21
81;Tarn;;68;8;34;24
81;Tarn;;106;36;59;27
81;Tarn;;318;71;136;135
81;Tarn;;1085;262;539;388
81;Tarn;;6270;2357;3257;2323
81;Tarn;;2955;940;1407;1161
81;Tarn;;698;175;332;284
81;Tarn;;266;85;142;85
81;Tarn;;178;44;78;71
81;Tarn;;49;11;26;21
81;Tarn;;1997;474;961;868
81;Tarn;;287;62;168;91
81;Tarn;;245;73;112;88
81;Tarn;;104;19;52;41
81;Tarn;;93;28;52;29
81;Tarn;;4868;2209;2259;2149
81;Tarn;;329;96;174;113
81;Tarn;;178;56;85;76
81;Tarn;;955;262;445;396
81;Tarn;;178;26;89;64
81;Tarn;;68;17;35;19
81;Tarn;;218;65;99;92
81;Tarn;;195;30;92;79
81;Tarn;;172;48;91;61
81;Tarn;;123;16;68;45
81;Tarn;;1293;363;577;564
81;Tarn;;137;32;62;54
81;Tarn;;30;4;20;6
81;Tarn;;166;27;69;68
81;Tarn;;219;43;95;94
81;Tarn;;214;49;97;91
81;Tarn;;89;13;41;31
81;Tarn;;187;33;89;67
81;Tarn;;517;129;248;220
81;Tarn;;242;47;116;103
81;Tarn;;566;118;243;235
81;Tarn;;576;111;263;239
81;Tarn;;351;87;164;154
81;Tarn;;136;23;70;50
81;Tarn;;386;143;197;115
81;Tarn;;58;20;30;25
81;Tarn;;355;80;159;157
81;Tarn;;1929;372;878;875
81;Tarn;;94;9;55;33
81;Tarn;;70;14;47;15
81;Tarn;;2481;601;1347;880
81;Tarn;;3530;1089;1942;1147
81;Tarn;;64;14;38;21
81;Tarn;;72;18;47;18
81;Tarn;;95;15;50;31
81;Tarn;;471;63;243;168
81;Tarn;;1055;251;468;458
81;Tarn;;39;32;19;15
81;Tarn;;202;28;99;78
81;Tarn;;138;22;62;61
81;Tarn;;83;30;35;34
81;Tarn;;82;23;39;30
81;Tarn;;241;64;112;103
81;Tarn;;332;74;171;119
81;Tarn;;73;8;38;33
81;Tarn;;3805;1192;1754;1560
81;Tarn;;162;36;72;63
81;Tarn;;241;74;131;86
81;Tarn;;69;17;30;26
81;Tarn;;53;14;27;19
81;Tarn;;653;186;318;241
81;Tarn;;72;17;33;32
81;Tarn;;5310;1420;2731;1975
81;Tarn;;552;153;295;209
81;Tarn;;123;41;64;41
81;Tarn;;664;231;291;284
81;Tarn;;156;54;71;62
81;Tarn;;160;44;78;49
81;Tarn;;745;203;361;317
81;Tarn;;1163;279;561;469
81;Tarn;;1691;505;802;748
81;Tarn;;117;24;57;49
81;Tarn;;334;87;159;142
81;Tarn;;840;206;404;344
81;Tarn;;328;97;159;131
81;Tarn;;247;62;115;95
81;Tarn;;229;54;115;83
81;Tarn;;118;42;58;43
81;Tarn;;502;163;220;195
81;Tarn;;641;138;307;256
81;Tarn;;686;194;321;309
81;Tarn;;223;112;108;67
81;Tarn;;95;29;47;25
81;Tarn;;442;108;215;178
81;Tarn;;573;144;272;235
81;Tarn;;154;48;81;53
81;Tarn;;124;44;56;47
81;Tarn;;762;153;335;314
81;Tarn;;98;22;45;44
81;Tarn;;349;89;175;129
81;Tarn;;106;25;54;41
81;Tarn;;168;40;76;70
81;Tarn;;270;41;124;103
82;Tarn-et-Garonne;;561;93;269;230
82;Tarn-et-Garonne;;188;56;86;76
82;Tarn-et-Garonne;;92;21;47;31
82;Tarn-et-Garonne;;384;108;175;169
82;Tarn-et-Garonne;;434;150;196;187
82;Tarn-et-Garonne;;174;36;89;53
82;Tarn-et-Garonne;;118;25;62;45
82;Tarn-et-Garonne;;698;164;318;313
82;Tarn-et-Garonne;;999;283;460;441
82;Tarn-et-Garonne;;44;15;20;17
82;Tarn-et-Garonne;;180;35;84;71
82;Tarn-et-Garonne;;132;28;68;45
82;Tarn-et-Garonne;;209;43;97;91
82;Tarn-et-Garonne;;124;29;56;54
82;Tarn-et-Garonne;;93;24;41;38
82;Tarn-et-Garonne;;131;56;67;40
82;Tarn-et-Garonne;;42;15;19;16
82;Tarn-et-Garonne;;35;0;15;14
82;Tarn-et-Garonne;;92;21;45;35
82;Tarn-et-Garonne;;2284;620;1077;975
82;Tarn-et-Garonne;;103;21;49;46
82;Tarn-et-Garonne;;2115;597;971;967
82;Tarn-et-Garonne;;123;46;63;46
82;Tarn-et-Garonne;;1809;452;827;790
82;Tarn-et-Garonne;;355;109;169;134
82;Tarn-et-Garonne;;348;94;161;160
82;Tarn-et-Garonne;;862;234;403;375
82;Tarn-et-Garonne;;82;12;42;33
82;Tarn-et-Garonne;;100;26;50;38
82;Tarn-et-Garonne;;39;7;19;14
82;Tarn-et-Garonne;;30572;11063;15832;11559
82;Tarn-et-Garonne;;82;6;38;35
82;Tarn-et-Garonne;;965;199;457;416
82;Tarn-et-Garonne;;216;60;108;74
82;Tarn-et-Garonne;;143;24;70;60
82;Tarn-et-Garonne;;1039;440;515;359
82;Tarn-et-Garonne;;101;22;47;41
82;Tarn-et-Garonne;;70;18;37;26
82;Tarn-et-Garonne;;39;9;17;16
82;Tarn-et-Garonne;;73;15;39;29
82;Tarn-et-Garonne;;200;57;101;78
82;Tarn-et-Garonne;;182;48;101;58
82;Tarn-et-Garonne;;102;22;48;42
82;Tarn-et-Garonne;;495;113;227;224
82;Tarn-et-Garonne;;409;130;176;168
82;Tarn-et-Garonne;;244;98;134;83
82;Tarn-et-Garonne;;553;103;255;235
83;Var;;141;60;72;63
83;Var;;6355;2068;3098;2867
83;Var;;168;28;83;64
83;Var;;220;84;106;91
83;Var;;24;9;11;8
83;Var;;3195;903;1584;1384
83;Var;;6739;2288;3329;2912
83;Var;;1145;368;555;514
83;Var;;532;163;253;216
83;Var;;1358;471;624;602
83;Var;;2039;702;1015;895
83;Var;;1071;342;563;427
83;Var;;29862;10902;14056;13596
83;Var;;7167;1981;3319;3254
83;Var;;1291;461;661;527
83;Var;;2985;1165;1446;1353
83;Var;;72508;32515;33751;33174
83;Var;;141;56;61;44
83;Var;;28;4;18;7
83;Var;;655;183;365;255
84;Vaucluse;;680;160;324;288
84;Vaucluse;;4994;2341;2444;2128
84;Vaucluse;;44;22;33;5
84;Vaucluse;;36040;19733;20484;12391
84;Vaucluse;;571;153;281;224
84;Vaucluse;;226;96;112;81
84;Vaucluse;;360;79;173;145
84;Vaucluse;;819;229;448;315
84;Vaucluse;;68;21;34;18
84;Vaucluse;;195;26;91;82
84;Vaucluse;;85;14;51;21
84;Vaucluse;;1145;262;556;501
84;Vaucluse;;2564;885;1193;1154
84;Vaucluse;;330;86;154;138
84;Vaucluse;;81;15;38;37
84;Vaucluse;;2205;455;1138;880
84;Vaucluse;;1213;274;559;553
84;Vaucluse;;1276;333;636;529
84;Vaucluse;;297;63;141;116
84;Vaucluse;;299;70;145;121
84;Vaucluse;;349;87;186;137
84;Vaucluse;;1419;347;731;593
84;Vaucluse;;696;192;368;251
84;Vaucluse;;228;59;130;85
84;Vaucluse;;242;62;139;77
84;Vaucluse;;1105;253;557;461
84;Vaucluse;;2491;738;1153;1125
84;Vaucluse;;839;229;520;244
84;Vaucluse;;685;188;378;256
84;Vaucluse;;213;42;112;81
84;Vaucluse;;270;57;139;105
84;Vaucluse;;885;208;439;375
84;Vaucluse;;11135;4458;5355;4847
84;Vaucluse;;454;126;210;194
84;Vaucluse;;587;113;317;219
84;Vaucluse;;363;103;172;134
84;Vaucluse;;512;89;260;195
84;Vaucluse;;311;45;145;144
84;Vaucluse;;877;243;452;328
84;Vaucluse;;414;121;182;180
84;Vaucluse;;875;201;425;366
84;Vaucluse;;1460;312;666;665
84;Vaucluse;;31;9;15;10
84;Vaucluse;;217;52;100;94
84;Vaucluse;;499;148;236;200
84;Vaucluse;;126;21;66;55
84;Vaucluse;;1899;509;892;827
84;Vaucluse;;609;204;318;239
84;Vaucluse;;66;10;31;28
84;Vaucluse;;505;163;249;206
84;Vaucluse;;28;10;12;9
84;Vaucluse;;120;16;68;43
84;Vaucluse;;2730;781;1363;1122
84;Vaucluse;;737;178;343;321
84;Vaucluse;;3748;1329;1942;1471
84;Vaucluse;;380;86;196;145
84;Vaucluse;;708;165;376;262
84;Vaucluse;;373;107;180;142
84;Vaucluse;;330;89;171;128
84;Vaucluse;;134;44;63;59
85;Vendée;;2227;658;1105;954
85;Vendée;;1408;336;714;598
85;Vendée;;6027;1556;3635;1914
85;Vendée;;2198;566;1033;970
85;Vendée;;627;140;376;204
85;Vendée;;1072;319;508;459
85;Vendée;;4315;1145;2592;1331
85;Vendée;;694;183;347;267
85;Vendée;;1301;359;726;457
85;Vendée;;1527;415;768;639
85;Vendée;;855;118;554;226
85;Vendée;;664;232;323;288
85;Vendée;;914;211;545;297
85;Vendée;;1401;372;781;520
85;Vendée;;1440;324;923;424
85;Vendée;;3775;953;2320;1156
85;Vendée;;2401;728;1346;800
85;Vendée;;1122;262;647;399
85;Vendée;;886;208;424;387
85;Vendée;;1223;390;579;566
85;Vendée;;1438;359;914;410
85;Vendée;;858;232;481;311
85;Vendée;;358;75;176;138
85;Vendée;;1949;495;1187;599
85;Vendée;;442;125;232;176
85;Vendée;;1970;515;1174;659
85;Vendée;;3986;911;2266;1396
85;Vendée;;394;66;239;132
85;Vendée;;1700;455;1056;551
85;Vendée;;2377;550;1394;769
85;Vendée;;623;205;335;247
85;Vendée;;192;46;114;70
85;Vendée;;645;137;336;260
85;Vendée;;2303;544;1308;801
85;Vendée;;13681;4420;7534;5055
85;Vendée;;5066;1336;2918;1703
85;Vendée;;160;31;105;45
85;Vendée;;635;173;316;255
85;Vendée;;233;64;113;105
85;Vendée;;1345;524;749;488
85;Vendée;;883;243;454;330
85;Vendée;;1493;382;877;525
85;Vendée;;2147;552;1335;666
85;Vendée;;520;114;261;209
85;Vendée;;630;149;432;161
85;Vendée;;2101;580;1108;823
85;Vendée;;2246;635;1046;996
85;Vendée;;589;111;333;218
85;Vendée;;146;32;80;57
85;Vendée;;2282;526;1527;578
85;Vendée;;1005;236;516;391
85;Vendée;;2870;783;1803;833
85;Vendée;;1807;303;1171;505
85;Vendée;;1245;415;721;421
85;Vendée;;5401;1182;3173;1813
85;Vendée;;137;26;67;62
85;Vendée;;3548;918;1955;1312
85;Vendée;;3259;776;2019;982
85;Vendée;;3878;829;2298;1265
85;Vendée;;7200;2677;4101;2418
85;Vendée;;743;159;379;283
85;Vendée;;765;203;443;256
85;Vendée;;3291;970;1631;1419
85;Vendée;;1993;411;1357;488
85;Vendée;;1218;277;716;393
85;Vendée;;1537;332;856;561
85;Vendée;;1344;358;668;582
85;Vendée;;1048;324;570;383
85;Vendée;;1948;445;1241;586
85;Vendée;;9453;2498;6410;2225
85;Vendée;;505;122;267;179
85;Vendée;;1987;559;991;814
85;Vendée;;3095;1210;1776;1042
85;Vendée;;2419;607;1354;901
85;Vendée;;357;114;204;120
85;Vendée;;1458;372;773;536
85;Vendée;;1529;379;958;436
85;Vendée;;966;186;519;370
85;Vendée;;168;48;87;59
85;Vendée;;221;61;99;91
85;Vendée;;866;131;475;318
85;Vendée;;1833;582;959;693
85;Vendée;;5603;2266;2929;2200
85;Vendée;;2119;461;1182;774
85;Vendée;;976;247;476;445
85;Vendée;;453;126;218;189
85;Vendée;;565;197;289;209
85;Vendée;;159;44;105;38
85;Vendée;;1696;487;909;633
85;Vendée;;682;142;379;244
85;Vendée;;957;241;558;327
85;Vendée;;388;62;224;144
85;Vendée;;581;151;296;230
85;Vendée;;666;210;316;292
85;Vendée;;872;156;553;253
85;Vendée;;566;127;320;209
85;Vendée;;12591;3254;8484;3120
85;Vendée;;997;305;539;388
85;Vendée;;3876;1131;2423;1065
85;Vendée;;3173;918;1675;1249
85;Vendée;;1823;469;1120;578
85;Vendée;;1031;220;601;349
85;Vendée;;3478;810;2281;910
85;Vendée;;1363;361;649;579
85;Vendée;;457;119;256;152
85;Vendée;;1854;463;1024;652
85;Vendée;;1563;349;824;610
85;Vendée;;1268;326;694;471
85;Vendée;;3361;1045;1994;1061
85;Vendée;;1747;453;944;671
85;Vendée;;581;165;323;176
85;Vendée;;637;191;332;257
85;Vendée;;395;92;181;172
85;Vendée;;1385;384;661;637
85;Vendée;;344;81;184;129
85;Vendée;;718;171;451;204
85;Vendée;;5272;1110;3350;1567
85;Vendée;;3375;1014;2156;935
85;Vendée;;192;55;86;84
85;Vendée;;577;150;328;193
85;Vendée;;508;162;280;192
85;Vendée;;622;147;303;264
85;Vendée;;1325;376;603;583
85;Vendée;;2001;448;1198;643
85;Vendée;;27361;11059;18160;6691
85;Vendée;;632;73;402;178
85;Vendée;;386;109;179;170
85;Vendée;;31108;10723;18351;10351
85;Vendée;;1136;273;686;380
85;Vendée;;2267;523;1403;705
85;Vendée;;851;199;564;234
85;Vendée;;351;93;178;148
85;Vendée;;943;251;529;345
85;Vendée;;1573;479;747;724
85;Vendée;;342;62;181;139
85;Vendée;;308;70;137;134
85;Vendée;;1394;338;913;394
85;Vendée;;1122;331;525;513
85;Vendée;;1487;266;771;579
85;Vendée;;2571;760;1470;887
85;Vendée;;1656;381;820;704
85;Vendée;;2255;551;1415;676
85;Vendée;;1243;302;639;500
85;Vendée;;1030;299;549;404
85;Vendée;;965;190;595;301
85;Vendée;;1655;483;792;745
85;Vendée;;5940;1730;3796;1667
85;Vendée;;1616;418;809;640
85;Vendée;;9031;2722;4865;3454
85;Vendée;;1167;252;567;480
85;Vendée;;363;95;192;149
85;Vendée;;530;154;243;241
85;Vendée;;559;143;260;234
85;Vendée;;378;62;200;149
85;Vendée;;6896;2178;3766;2653
85;Vendée;;276;85;142;110
85;Vendée;;1203;244;566;526
85;Vendée;;224;48;109;107
85;Vendée;;2088;580;1327;601
85;Vendée;;669;186;332;279
85;Vendée;;1071;234;684;300
85;Vendée;;614;96;357;205
85;Vendée;;1984;527;1013;825
85;Vendée;;510;125;230;220
85;Vendée;;1425;392;817;499
85;Vendée;;655;139;434;184
85;Vendée;;266;69;121;111
85;Vendée;;1412;251;700;588
85;Vendée;;379;70;200;158
85;Vendée;;363;83;184;160
85;Vendée;;1106;286;641;371
85;Vendée;;793;187;436;284
85;Vendée;;876;163;624;209
85;Vendée;;465;107;222;212
85;Vendée;;169;44;93;61
85;Vendée;;2032;456;1152;728
85;Vendée;;723;207;387;294
85;Vendée;;581;159;268;255
85;Vendée;;962;157;634;258
85;Vendée;;256;56;128;97
85;Vendée;;275;76;135;115
85;Vendée;;433;103;213;182
85;Vendée;;929;223;428;418
85;Vendée;;1206;337;605;513
85;Vendée;;2086;632;1149;788
85;Vendée;;656;136;330;269
85;Vendée;;605;110;346;210
85;Vendée;;2971;768;1477;1223
85;Vendée;;406;134;229;132
85;Vendée;;301;69;170;101
85;Vendée;;6006;1542;3243;2262
85;Vendée;;840;211;514;269
85;Vendée;;367;77;170;164
85;Vendée;;718;169;398;255
85;Vendée;;401;103;215;150
85;Vendée;;1027;263;651;284
85;Vendée;;2583;689;1531;844
85;Vendée;;1959;417;1190;611
85;Vendée;;719;197;419;236
85;Vendée;;1139;239;514;512
85;Vendée;;2998;741;1814;927
85;Vendée;;1090;231;618;396
85;Vendée;;3548;770;2421;889
85;Vendée;;974;291;458;440
85;Vendée;;531;119;288;191
85;Vendée;;448;88;239;176
86;Vienne;;418;96;212;169
86;Vienne;;232;50;112;95
86;Vienne;;285;54;165;78
86;Vienne;;363;99;179;146
86;Vienne;;716;186;351;292
86;Vienne;;731;170;353;277
86;Vienne;;70;14;34;28
86;Vienne;;1080;268;557;420
86;Vienne;;686;196;320;308
86;Vienne;;1369;233;812;439
86;Vienne;;678;195;320;298
86;Vienne;;1740;445;830;736
86;Vienne;;931;256;546;292
86;Vienne;;972;236;608;276
86;Vienne;;737;153;466;188
86;Vienne;;1120;324;536;449
86;Vienne;;1326;365;719;496
86;Vienne;;165;37;73;70
86;Vienne;;5492;1923;3610;1328
86;Vienne;;799;189;415;314
86;Vienne;;1113;313;520;491
86;Vienne;;700;168;342;318
86;Vienne;;492;113;268;187
86;Vienne;;516;181;242;199
86;Vienne;;1075;367;544;430
86;Vienne;;199;61;98;85
86;Vienne;;474;87;243;174
86;Vienne;;550;203;284;207
86;Vienne;;2117;717;1287;631
86;Vienne;;136;54;73;50
86;Vienne;;341;108;186;135
86;Vienne;;629;188;367;198
86;Vienne;;14403;7716;7914;5145
86;Vienne;;4031;1358;2087;1537
86;Vienne;;538;161;267;218
86;Vienne;;1784;397;1070;556
86;Vienne;;1304;509;664;524
86;Vienne;;280;80;129;127
86;Vienne;;880;297;440;370
86;Vienne;;2482;888;1157;1061
86;Vienne;;676;192;319;284
86;Vienne;;135;47;66;61
86;Vienne;;159;44;84;65
86;Vienne;;534;123;344;140
86;Vienne;;322;75;171;119
86;Vienne;;1872;531;956;742
86;Vienne;;642;134;346;242
86;Vienne;;2492;701;1640;625
86;Vienne;;367;72;172;162
86;Vienne;;905;387;484;322
86;Vienne;;234;29;131;79
86;Vienne;;71;15;38;29
86;Vienne;;240;86;121;100
86;Vienne;;573;211;295;225
86;Vienne;;1710;521;999;533
86;Vienne;;783;215;421;288
86;Vienne;;4172;1300;2298;1474
86;Vienne;;498;138;260;180
86;Vienne;;773;287;384;331
86;Vienne;;46;19;24;18
86;Vienne;;1700;599;824;685
86;Vienne;;715;180;405;223
86;Vienne;;490;121;225;217
86;Vienne;;2024;572;1304;536
86;Vienne;;115;37;54;49
86;Vienne;;383;109;192;138
86;Vienne;;3624;1343;1755;1600
86;Vienne;;111;22;52;48
86;Vienne;;1457;397;811;509
86;Vienne;;1327;423;632;567
86;Vienne;;449;132;218;176
86;Vienne;;628;187;346;218
86;Vienne;;363;85;184;135
86;Vienne;;453;131;231;168
86;Vienne;;373;123;172;170
86;Vienne;;520;124;252;220
86;Vienne;;155;29;70;66
86;Vienne;;2795;786;1941;610
86;Vienne;;3640;1182;2277;1024
86;Vienne;;296;70;130;123
86;Vienne;;576;92;272;250
86;Vienne;;76;16;38;26
86;Vienne;;2275;562;1527;511
86;Vienne;;390;106;192;167
86;Vienne;;3203;1056;1686;1178
86;Vienne;;284;85;131;126
86;Vienne;;57;29;36;19
86;Vienne;;76;22;37;28
86;Vienne;;2970;1026;1665;1029
86;Vienne;;1548;438;910;484
86;Vienne;;1873;534;1238;435
86;Vienne;;144;33;63;56
86;Vienne;;240;62;121;100
86;Vienne;;175;49;91;63
86;Vienne;;121;32;67;43
86;Vienne;;704;170;320;305
86;Vienne;;30942;13955;21080;6968
86;Vienne;;448;112;241;164
86;Vienne;;316;105;155;141
86;Vienne;;296;113;153;111
86;Vienne;;1353;341;802;392
86;Vienne;;110;27;58;38
86;Vienne;;985;330;504;397
86;Vienne;;1313;311;800;389
86;Vienne;;436;122;197;189
86;Vienne;;1437;455;743;572
86;Vienne;;4136;1465;2862;902
86;Vienne;;210;48;106;92
86;Vienne;;199;51;104;80
86;Vienne;;2639;704;1604;814
86;Vienne;;1707;468;1016;470
86;Vienne;;111;37;59;42
86;Vienne;;1590;441;780;653
86;Vienne;;212;47;96;90
86;Vienne;;727;196;378;262
86;Vienne;;548;133;249;245
86;Vienne;;490;135;226;213
86;Vienne;;797;269;388;339
86;Vienne;;1095;262;508;480
86;Vienne;;482;121;221;209
86;Vienne;;325;129;146;141
86;Vienne;;93;31;43;42
86;Vienne;;361;84;197;141
86;Vienne;;640;204;328;264
86;Vienne;;765;226;388;313
86;Vienne;;820;180;516;218
86;Vienne;;190;65;100;86
86;Vienne;;1321;435;614;593
86;Vienne;;1413;370;880;375
86;Vienne;;1728;393;1090;445
86;Vienne;;397;122;191;147
86;Vienne;;681;187;385;209
86;Vienne;;1719;560;831;726
86;Vienne;;494;162;235;214
86;Vienne;;677;254;341;289
86;Vienne;;3332;994;1657;1371
86;Vienne;;431;94;210;162
86;Vienne;;603;142;294;251
86;Vienne;;417;133;222;157
86;Vienne;;372;123;176;153
86;Vienne;;902;246;512;282
86;Vienne;;76;18;38;27
86;Vienne;;549;160;279;200
86;Vienne;;2159;648;1186;751
86;Vienne;;2129;630;1155;784
86;Vienne;;219;57;106;91
86;Vienne;;285;82;145;104
86;Vienne;;3590;880;2204;1030
86;Vienne;;1271;335;591;570
86;Vienne;;336;78;172;130
86;Vienne;;330;64;168;133
87;Haute-Vienne;;3553;1054;1915;1222
87;Haute-Vienne;;549;172;244;227
87;Haute-Vienne;;68;18;45;13
87;Haute-Vienne;;701;161;321;271
87;Haute-Vienne;;124;33;55;54
87;Haute-Vienne;;1861;749;895;748
87;Haute-Vienne;;410;105;216;143
87;Haute-Vienne;;1659;537;787;670
87;Haute-Vienne;;474;84;238;185
87;Haute-Vienne;;279;68;128;126
87;Haute-Vienne;;439;135;197;173
87;Haute-Vienne;;2063;443;1163;647
87;Haute-Vienne;;1133;246;508;482
87;Haute-Vienne;;1718;394;925;574
87;Haute-Vienne;;119;26;52;46
87;Haute-Vienne;;507;196;247;194
87;Haute-Vienne;;348;63;155;137
87;Haute-Vienne;;823;181;390;316
87;Haute-Vienne;;187;73;87;74
87;Haute-Vienne;;967;334;465;400
87;Haute-Vienne;;338;114;144;138
87;Haute-Vienne;;139;37;61;53
87;Haute-Vienne;;1306;352;687;479
87;Haute-Vienne;;534;147;248;194
87;Haute-Vienne;;837;282;366;322
87;Haute-Vienne;;643;198;289;257
87;Haute-Vienne;;3368;901;1818;1135
87;Haute-Vienne;;787;244;352;347
87;Haute-Vienne;;5871;1769;3266;1951
87;Haute-Vienne;;404;111;183;177
87;Haute-Vienne;;106;16;63;29
87;Haute-Vienne;;640;224;288;282
87;Haute-Vienne;;176;47;86;76
87;Haute-Vienne;;216;57;98;97
87;Haute-Vienne;;89;18;45;26
87;Haute-Vienne;;859;311;431;355
87;Haute-Vienne;;220;64;110;88
87;Haute-Vienne;;296;45;129;112
87;Haute-Vienne;;784;164;415;282
87;Haute-Vienne;;998;433;560;270
87;Haute-Vienne;;3802;1105;2140;1201
87;Haute-Vienne;;302;106;150;122
87;Haute-Vienne;;622;114;285;253
87;Haute-Vienne;;345;80;150;139
87;Haute-Vienne;;248;62;119;102
87;Haute-Vienne;;148;36;71;62
87;Haute-Vienne;;4769;1474;2976;1254
87;Haute-Vienne;;341;56;154;132
87;Haute-Vienne;;425;117;206;172
87;Haute-Vienne;;477;119;218;206
87;Haute-Vienne;;726;146;359;278
87;Haute-Vienne;;646;215;331;238
87;Haute-Vienne;;52698;22526;31526;15048
87;Haute-Vienne;;817;321;405;342
87;Haute-Vienne;;252;112;121;89
87;Haute-Vienne;;332;59;149;140
87;Haute-Vienne;;476;142;228;189
87;Haute-Vienne;;186;50;98;60
87;Haute-Vienne;;69;20;36;23
87;Haute-Vienne;;917;270;411;388
87;Haute-Vienne;;276;117;144;71
87;Haute-Vienne;;526;234;235;208
87;Haute-Vienne;;1437;384;694;540
87;Haute-Vienne;;936;242;474;342
87;Haute-Vienne;;201;52;100;94
87;Haute-Vienne;;1630;373;806;612
87;Haute-Vienne;;928;293;415;369
87;Haute-Vienne;;349;116;161;155
87;Haute-Vienne;;3384;1036;1784;1154
87;Haute-Vienne;;6575;1740;3812;2087
87;Haute-Vienne;;534;185;224;213
87;Haute-Vienne;;668;176;355;225
87;Haute-Vienne;;266;76;141;102
87;Haute-Vienne;;86;25;39;30
87;Haute-Vienne;;259;66;128;85
87;Haute-Vienne;;3068;781;1598;1052
87;Haute-Vienne;;2111;633;991;855
87;Haute-Vienne;;407;130;174;169
87;Haute-Vienne;;848;199;389;354
87;Haute-Vienne;;589;100;294;212
87;Haute-Vienne;;67;37;30;26
87;Haute-Vienne;;108;19;50;33
87;Haute-Vienne;;560;156;256;227
87;Haute-Vienne;;322;104;138;121
87;Haute-Vienne;;1064;274;469;417
87;Haute-Vienne;;1422;316;672;535
87;Haute-Vienne;;319;76;132;122
87;Haute-Vienne;;148;35;75;63
87;Haute-Vienne;;36;8;20;11
87;Haute-Vienne;;628;113;327;236
87;Haute-Vienne;;551;129;250;224
87;Haute-Vienne;;293;75;140;113
87;Haute-Vienne;;199;70;88;73
87;Haute-Vienne;;6126;2228;3130;2224
87;Haute-Vienne;;127;19;67;42
87;Haute-Vienne;;1645;402;812;636
87;Haute-Vienne;;851;215;378;375
87;Haute-Vienne;;2531;812;1215;970
87;Haute-Vienne;;71;21;32;31
87;Haute-Vienne;;599;127;280;224
87;Haute-Vienne;;207;81;100;70
87;Haute-Vienne;;149;25;90;57
87;Haute-Vienne;;798;206;398;301
87;Haute-Vienne;;1138;290;550;459
87;Haute-Vienne;;1731;446;758;754
87;Haute-Vienne;;488;187;221;203
87;Haute-Vienne;;737;261;345;330
87;Haute-Vienne;;574;137;263;238
87;Haute-Vienne;;1102;321;498;468
87;Haute-Vienne;;199;52;96;75
87;Haute-Vienne;;4089;1392;2045;1521
87;Haute-Vienne;;300;67;151;106
87;Haute-Vienne;;74;20;42;24
87;Haute-Vienne;;515;199;251;209
87;Haute-Vienne;;977;235;559;309
87;Haute-Vienne;;32;6;23;6
87;Haute-Vienne;;214;63;103;90
87;Haute-Vienne;;89;24;42;37
87;Haute-Vienne;;2985;621;1707;864
87;Haute-Vienne;;1367;327;618;538
87;Haute-Vienne;;858;261;385;343
87;Haute-Vienne;;1487;304;811;475
88;Vosges;;30;16;17;10
88;Vosges;;708;159;373;289
88;Vosges;;436;116;227;175
88;Vosges;;582;127;309;218
88;Vosges;;71;11;37;27
88;Vosges;;204;61;97;92
88;Vosges;;108;19;55;44
88;Vosges;;204;68;95;89
88;Vosges;;122;20;58;55
88;Vosges;;29;10;16;9
88;Vosges;;145;24;75;57
88;Vosges;;2726;820;1443;1007
88;Vosges;;131;27;59;54
88;Vosges;;1902;678;1084;648
88;Vosges;;823;251;399;359
88;Vosges;;799;336;368;367
88;Vosges;;571;120;286;241
88;Vosges;;904;279;443;385
88;Vosges;;129;31;62;57
88;Vosges;;477;99;237;203
88;Vosges;;1708;738;788;746
88;Vosges;;53;9;28;24
88;Vosges;;257;35;115;109
88;Vosges;;150;58;80;51
88;Vosges;;77;14;41;29
88;Vosges;;886;232;482;313
88;Vosges;;150;14;87;50
88;Vosges;;405;77;212;165
88;Vosges;;1029;235;585;358
88;Vosges;;291;56;144;114
88;Vosges;;39;8;20;15
88;Vosges;;1262;295;586;569
88;Vosges;;174;35;87;73
88;Vosges;;1702;494;774;771
88;Vosges;;14316;7017;8439;4738
88;Vosges;;125;26;63;52
88;Vosges;;427;104;197;182
88;Vosges;;72;13;40;28
88;Vosges;;174;19;78;75
88;Vosges;;80;16;48;28
88;Vosges;;157;47;66;65
88;Vosges;;328;104;151;144
88;Vosges;;1264;333;689;482
88;Vosges;;97;24;48;45
88;Vosges;;62;16;30;28
88;Vosges;;4846;1623;2675;1584
88;Vosges;;196;55;90;82
88;Vosges;;87;15;44;37
88;Vosges;;91;21;51;31
88;Vosges;;137;20;61;59
88;Vosges;;102;24;52;43
88;Vosges;;285;88;140;123
88;Vosges;;417;107;223;162
88;Vosges;;104;19;52;46
88;Vosges;;214;56;112;68
88;Vosges;;331;62;175;130
88;Vosges;;59;5;30;23
88;Vosges;;11;1;6;4
88;Vosges;;100;25;50;43
88;Vosges;;93;25;48;38
88;Vosges;;2271;1055;1147;910
88;Vosges;;40;7;18;16
88;Vosges;;29;4;14;12
88;Vosges;;616;132;310;253
88;Vosges;;37;9;19;16
88;Vosges;;99;23;45;43
88;Vosges;;53;16;26;19
88;Vosges;;81;27;40;36
88;Vosges;;102;20;52;40
88;Vosges;;222;45;119;89
88;Vosges;;110;31;49;46
88;Vosges;;96;24;44;42
88;Vosges;;129;50;63;54
88;Vosges;;3745;1737;2084;1345
88;Vosges;;92;6;49;34
88;Vosges;;451;86;231;150
88;Vosges;;212;31;107;88
88;Vosges;;100;24;46;43
88;Vosges;;1347;297;639;607
88;Vosges;;9129;4132;4594;3747
88;Vosges;;2056;696;966;901
88;Vosges;;52;13;30;18
88;Vosges;;74;17;38;28
88;Vosges;;2525;655;1245;1075
88;Vosges;;635;132;299;274
88;Vosges;;398;117;199;163
88;Vosges;;87;21;38;37
88;Vosges;;954;264;446;406
88;Vosges;;85;17;46;32
88;Vosges;;79;31;37;33
88;Vosges;;75;12;41;33
88;Vosges;;1536;400;748;687
88;Vosges;;2330;633;1133;1006
88;Vosges;;189;29;93;78
88;Vosges;;61;22;39;16
88;Vosges;;21;0;14;6
88;Vosges;;134;25;66;56
88;Vosges;;96;23;48;35
88;Vosges;;579;144;294;232
88;Vosges;;106;29;56;40
88;Vosges;;578;132;267;259
88;Vosges;;168;36;92;67
88;Vosges;;117;23;54;53
88;Vosges;;3111;1185;1533;1294
88;Vosges;;45;13;22;18
88;Vosges;;109;35;53;50
88;Vosges;;1044;279;546;387
88;Vosges;;68;12;38;21
89;Yonne;;66;12;43;17
89;Yonne;;287;108;128;120
89;Yonne;;160;42;76;64
89;Yonne;;86;12;42;33
89;Yonne;;67;18;32;28
89;Yonne;;1862;589;862;840
89;Yonne;;298;72;151;121
89;Yonne;;234;74;143;58
89;Yonne;;605;168;286;250
89;Yonne;;14260;6002;8353;4578
89;Yonne;;3009;1482;1552;1221
89;Yonne;;234;59;114;93
89;Yonne;;70;13;37;27
89;Yonne;;133;40;62;59
89;Yonne;;130;47;66;51
89;Yonne;;72;15;31;28
89;Yonne;;72;28;32;29
89;Yonne;;189;40;96;85
89;Yonne;;26;4;18;5
89;Yonne;;79;25;35;34
89;Yonne;;1151;368;594;489
89;Yonne;;65;17;27;26
89;Yonne;;880;295;442;369
89;Yonne;;55;9;27;25
89;Yonne;;1229;320;634;499
89;Yonne;;148;50;69;67
89;Yonne;;140;28;72;55
89;Yonne;;101;33;52;43
89;Yonne;;127;36;59;57
89;Yonne;;1349;439;626;583
89;Yonne;;253;61;125;109
89;Yonne;;207;43;106;83
89;Yonne;;396;94;176;167
89;Yonne;;163;29;98;53
89;Yonne;;39;6;19;16
89;Yonne;;445;122;208;200
89;Yonne;;682;220;298;296
89;Yonne;;94;25;47;37
89;Yonne;;252;75;117;116
89;Yonne;;179;41;87;67
89;Yonne;;355;108;169;151
89;Yonne;;445;118;201;195
89;Yonne;;296;29;145;128
89;Yonne;;127;41;66;45
89;Yonne;;301;95;152;111
89;Yonne;;101;12;53;45
89;Yonne;;52;13;23;21
89;Yonne;;67;17;37;22
89;Yonne;;108;30;51;42
89;Yonne;;44;5;26;17
89;Yonne;;440;115;219;187
89;Yonne;;1049;299;505;446
89;Yonne;;1156;307;558;507
89;Yonne;;163;67;93;41
89;Yonne;;127;26;60;58
89;Yonne;;3572;1784;1802;1477
89;Yonne;;22;1;14;5
89;Yonne;;245;84;115;114
89;Yonne;;131;22;60;57
89;Yonne;;89;36;53;33
89;Yonne;;114;14;65;36
89;Yonne;;133;36;69;50
89;Yonne;;85;20;46;33
89;Yonne;;671;247;329;282
89;Yonne;;276;119;129;116
89;Yonne;;56;9;29;21
89;Yonne;;244;77;113;103
89;Yonne;;157;51;82;66
89;Yonne;;26;10;16;8
89;Yonne;;99;35;48;45
89;Yonne;;121;41;60;53
89;Yonne;;251;55;122;102
89;Yonne;;2817;1545;1322;1302
89;Yonne;;75;17;42;31
89;Yonne;;2305;715;1191;930
89;Yonne;;117;29;59;43
89;Yonne;;84;12;40;37
89;Yonne;;364;114;203;129
89;Yonne;;358;115;178;161
89;Yonne;;740;191;374;285
89;Yonne;;167;43;87;64
89;Yonne;;410;114;203;175
89;Yonne;;232;54;120;94
89;Yonne;;117;18;55;52
89;Yonne;;778;243;360;342
89;Yonne;;437;141;213;177
89;Yonne;;296;64;153;119
89;Yonne;;676;141;337;290
89;Yonne;;221;90;109;93
89;Yonne;;105;38;55;43
89;Yonne;;330;103;163;139
89;Yonne;;638;131;293;289
89;Yonne;;1401;595;653;624
89;Yonne;;352;92;173;156
89;Yonne;;1698;867;860;731
89;Yonne;;1944;562;1151;612
89;Yonne;;266;66;120;119
89;Yonne;;56;19;29;16
89;Yonne;;199;84;95;67
89;Yonne;;480;173;222;213
89;Yonne;;60;13;30;24
89;Yonne;;99;18;56;37
89;Yonne;;306;63;155;125
89;Yonne;;854;292;400;363
89;Yonne;;75;19;38;28
89;Yonne;;9554;6203;5153;3660
89;Yonne;;78;17;50;23
89;Yonne;;45;24;25;16
89;Yonne;;80;12;35;34
89;Yonne;;84;27;40;38
89;Yonne;;137;18;69;47
89;Yonne;;289;125;153;118
89;Yonne;;82;17;49;25
89;Yonne;;1713;848;833;743
89;Yonne;;200;44;100;80
89;Yonne;;797;264;356;351
89;Yonne;;298;81;168;90
89;Yonne;;151;25;71;67
89;Yonne;;628;155;338;233
89;Yonne;;175;40;79;76
89;Yonne;;236;36;107;104
89;Yonne;;175;46;86;74
89;Yonne;;84;19;47;32
89;Yonne;;117;40;60;50
90;Territoire de Belfort;;192;65;75;74
90;Territoire de Belfort;;197;41;111;65
90;Territoire de Belfort;;2209;779;1124;855
90;Territoire de Belfort;;16002;8217;8725;5620
90;Territoire de Belfort;;227;45;155;45
90;Territoire de Belfort;;742;182;391;292
90;Territoire de Belfort;;90;22;41;38
90;Territoire de Belfort;;244;56;132;92
90;Territoire de Belfort;;215;42;107;80
90;Territoire de Belfort;;955;241;507;365
90;Territoire de Belfort;;1122;338;602;428
90;Territoire de Belfort;;1714;673;823;749
90;Territoire de Belfort;;479;136;236;197
90;Territoire de Belfort;;496;122;261;179
90;Territoire de Belfort;;617;189;305;247
90;Territoire de Belfort;;1879;589;1058;641
90;Territoire de Belfort;;1392;416;781;465
90;Territoire de Belfort;;90;28;43;40
90;Territoire de Belfort;;168;21;75;73
90;Territoire de Belfort;;355;75;173;139
90;Territoire de Belfort;;489;109;216;211
90;Territoire de Belfort;;805;239;367;357
90;Territoire de Belfort;;2086;727;1086;813
90;Territoire de Belfort;;687;201;382;242
90;Territoire de Belfort;;607;183;283;275
90;Territoire de Belfort;;547;171;268;222
90;Territoire de Belfort;;288;89;146;118
90;Territoire de Belfort;;153;34;72;58
90;Territoire de Belfort;;2507;984;1164;1091
90;Territoire de Belfort;;395;118;191;167
90;Territoire de Belfort;;651;137;309;289
91;Essonne;;912;232;476;355
91;Essonne;;4123;1987;2395;1396
91;Essonne;;12309;6326;7437;3806
91;Essonne;;191;61;90;84
91;Essonne;;655;232;337;249
91;Essonne;;569;137;329;195
91;Essonne;;2211;609;1297;763
91;Essonne;;3824;1183;1874;1642
91;Essonne;;2603;827;1806;639
91;Essonne;;81;18;36;34
91;Essonne;;248;62;120;112
91;Essonne;;405;115;209;169
91;Essonne;;2195;707;1084;905
91;Essonne;;5348;1911;2883;1991
91;Essonne;;424;83;296;92
91;Essonne;;1210;387;621;465
91;Essonne;;3288;1521;1877;1099
91;Essonne;;231;76;111;96
91;Essonne;;418;122;201;188
91;Essonne;;10711;4702;6405;3244
91;Essonne;;4393;1500;2291;1709
91;Essonne;;723;225;346;314
91;Essonne;;1920;577;1247;508
91;Essonne;;99;15;47;42
91;Essonne;;11965;4773;7671;3283
91;Essonne;;1813;460;995;642
91;Essonne;;5519;1369;4230;892
91;Essonne;;658;204;330;259
91;Essonne;;607;184;317;238
91;Essonne;;1406;449;676;601
91;Essonne;;1111;399;598;416
91;Essonne;;200;55;96;94
91;Essonne;;41;19;25;16
91;Essonne;;1132;291;594;423
91;Essonne;;927;295;470;383
91;Essonne;;7189;3065;4210;2416
91;Essonne;;12887;9565;7534;4171
91;Essonne;;938;255;493;340
91;Essonne;;2308;833;1222;904
91;Essonne;;221;47;130;69
91;Essonne;;352;108;189;128
91;Essonne;;4215;1633;2435;1374
91;Essonne;;505;183;263;194
91;Essonne;;4815;1991;2785;1610
91;Essonne;;12999;5413;7603;4166
91;Essonne;;473;159;237;204
91;Essonne;;2579;1082;1409;944
91;Essonne;;3848;2352;2407;1084
91;Essonne;;5141;1918;3203;1508
91;Essonne;;8793;4465;4790;3168
91;Essonne;;1876;635;1208;535
91;Essonne;;3866;1185;2018;1498
91;Essonne;;19797;13556;13005;4934
91;Essonne;;1818;811;866;791
91;Essonne;;2369;1385;1130;995
91;Essonne;;105;29;48;46
91;Essonne;;1215;355;676;444
91;Essonne;;846;203;405;376
91;Essonne;;315;109;152;142
91;Essonne;;95;20;51;37
91;Essonne;;2270;660;1413;679
91;Essonne;;12731;3273;9834;2083
91;Essonne;;813;199;568;186
91;Essonne;;1373;348;972;297
91;Essonne;;729;154;378;270
91;Essonne;;5648;5308;3697;1528
91;Essonne;;498;135;238;207
91;Essonne;;5817;1928;4004;1369
91;Essonne;;1166;366;593;443
91;Essonne;;420;78;265;130
91;Essonne;;6421;2847;4227;1563
91;Essonne;;3332;1056;1831;1165
91;Essonne;;861;199;457;335
91;Essonne;;2078;863;1128;780
91;Essonne;;3802;1108;2537;955
91;Essonne;;3192;1346;1621;1344
91;Essonne;;3814;1604;2079;1386
91;Essonne;;8464;4066;5201;2519
91;Essonne;;3435;1255;1912;1257
91;Essonne;;4637;1355;2748;1505
91;Essonne;;3050;1027;1623;1112
91;Essonne;;20390;9005;14555;4092
91;Essonne;;7906;2856;4619;2650
91;Essonne;;2734;851;1433;1089
91;Essonne;;867;203;433;370
91;Essonne;;1164;290;837;236
91;Essonne;;426;145;200;186
91;Essonne;;10850;4734;6715;3218
91;Essonne;;3769;1325;2029;1450
91;Essonne;;6169;2182;3338;2384
91;Essonne;;2594;853;1315;1059
91;Essonne;;9129;4540;5144;3202
91;Essonne;;415;102;242;149
91;Essonne;;2452;828;1440;802
91;Essonne;;2694;688;1691;829
91;Essonne;;2409;738;1182;1014
91;Essonne;;624;173;289;279
91;Essonne;;1020;379;538;399
91;Essonne;;548;162;292;211
91;Essonne;;8707;2360;6612;1487
91;Essonne;;135;30;66;61
91;Essonne;;16252;5728;11614;3339
91;Essonne;;3477;1560;1669;1499
91;Essonne;;329;62;183;115
91;Essonne;;2104;560;1220;702
91;Essonne;;201;43;110;67
91;Essonne;;175;25;101;64
91;Essonne;;3793;1734;2137;1316
91;Essonne;;255;56;138;92
91;Essonne;;9443;5161;5689;2895
91;Essonne;;778;212;425;280
91;Essonne;;2352;571;1633;530
91;Essonne;;445;89;340;68
91;Essonne;;2715;970;1478;1006
91;Essonne;;676;160;380;246
91;Essonne;;292;49;134;125
91;Essonne;;14532;6206;8663;4577
91;Essonne;;4377;1670;2240;1742
91;Essonne;;4029;1202;2393;1322
91;Essonne;;233;45;144;67
91;Essonne;;1021;259;608;344
91;Essonne;;8519;3895;4982;2730
91;Essonne;;5073;2141;2889;1768
91;Essonne;;2959;1068;1604;1123
91;Essonne;;222;50;126;70
91;Essonne;;1624;509;868;617
91;Essonne;;568;130;307;212
91;Essonne;;3135;1019;1747;1082
91;Essonne;;15480;6316;9291;4940
91;Essonne;;981;311;510;375
91;Essonne;;687;232;353;271
91;Essonne;;3930;1211;2560;1045
91;Essonne;;194;52;95;77
91;Essonne;;127;34;56;55
91;Essonne;;1836;670;1006;665
91;Essonne;;173;48;98;52
91;Essonne;;937;228;587;283
91;Essonne;;1319;419;705;520
91;Essonne;;762;172;399;295
91;Essonne;;1240;341;912;252
91;Essonne;;9234;2406;6945;1694
91;Essonne;;1296;442;634;556
91;Essonne;;1436;545;720;609
91;Essonne;;388;126;183;171
91;Essonne;;10894;6626;6215;3698
91;Essonne;;2460;987;1239;994
91;Essonne;;5297;1724;3602;1236
91;Essonne;;486;139;226;201
91;Essonne;;3797;1382;1978;1551
91;Essonne;;1222;357;659;448
91;Essonne;;3773;1259;2419;1024
91;Essonne;;356;108;185;134
91;Essonne;;765;153;515;192
91;Essonne;;2336;774;1315;783
91;Essonne;;11832;6476;6853;3904
91;Essonne;;3661;1384;2254;1129
91;Essonne;;14246;5880;8292;4607
91;Essonne;;8327;4887;5516;2049
92;Hauts-de-Seine;;31866;10127;23554;5710
92;Hauts-de-Seine;;36695;12349;28171;5984
92;Hauts-de-Seine;;14410;8322;10082;3007
92;Hauts-de-Seine;;14099;4113;10870;2328
92;Hauts-de-Seine;;56527;16331;44061;8844
92;Hauts-de-Seine;;10463;3070;8129;1631
92;Hauts-de-Seine;;14316;5527;10122;2884
92;Hauts-de-Seine;;16995;5271;12614;3191
92;Hauts-de-Seine;;10799;2844;8139;1921
92;Hauts-de-Seine;;27157;9346;19594;5556
92;Hauts-de-Seine;;22165;9735;16778;3596
92;Hauts-de-Seine;;34196;14728;25189;6198
92;Hauts-de-Seine;;38712;13804;28671;7239
92;Hauts-de-Seine;;10730;4040;7801;2081
92;Hauts-de-Seine;;9965;2998;7407;1904
92;Hauts-de-Seine;;14901;4799;11151;2776
92;Hauts-de-Seine;;14489;9157;10214;2734
92;Hauts-de-Seine;;34324;10884;25802;5866
92;Hauts-de-Seine;;32812;10539;24865;5894
92;Hauts-de-Seine;;13531;4821;9813;2473
92;Hauts-de-Seine;;1020;234;770;199
92;Hauts-de-Seine;;23118;7025;17013;4481
92;Hauts-de-Seine;;22506;6626;17271;3605
92;Hauts-de-Seine;;32302;18259;23065;6386
92;Hauts-de-Seine;;30230;7237;23799;5021
92;Hauts-de-Seine;;14751;4688;9596;3950
92;Hauts-de-Seine;;23319;6696;16474;5022
92;Hauts-de-Seine;;41546;13622;31112;7742
92;Hauts-de-Seine;;15484;4011;11666;3002
92;Hauts-de-Seine;;10877;3397;8499;1716
92;Hauts-de-Seine;;11792;3328;9104;1890
92;Hauts-de-Seine;;22413;7052;16655;4147
92;Hauts-de-Seine;;14094;4154;10744;2303
92;Hauts-de-Seine;;4858;1223;3777;819
92;Hauts-de-Seine;;6002;1566;4702;950
92;Hauts-de-Seine;;7180;5624;4850;1635
93;Seine-Saint-Denis;;16476;13985;11683;3323
93;Seine-Saint-Denis;;25961;18435;16813;6746
93;Seine-Saint-Denis;;11816;7225;8503;2134
93;Seine-Saint-Denis;;14982;11022;9153;4450
93;Seine-Saint-Denis;;12259;11123;8422;2743
93;Seine-Saint-Denis;;15232;10061;10144;3678
93;Seine-Saint-Denis;;3963;2296;2587;1052
93;Seine-Saint-Denis;;5725;6118;3921;1371
93;Seine-Saint-Denis;;2347;967;1208;928
93;Seine-Saint-Denis;;8855;7254;6250;1874
93;Seine-Saint-Denis;;21006;13943;12267;6792
93;Seine-Saint-Denis;;3223;2259;1890;988
93;Seine-Saint-Denis;;14238;11861;9864;3183
93;Seine-Saint-Denis;;14621;7266;9020;4285
93;Seine-Saint-Denis;;3509;1219;2232;1015
93;Seine-Saint-Denis;;2443;1534;1684;509
93;Seine-Saint-Denis;;10284;4309;7822;1553
93;Seine-Saint-Denis;;14646;7621;8385;4912
93;Seine-Saint-Denis;;8162;5333;4575;2944
93;Seine-Saint-Denis;;40113;20712;30429;6035
93;Seine-Saint-Denis;;8954;3695;5931;2299
93;Seine-Saint-Denis;;12470;6899;7649;3631
93;Seine-Saint-Denis;;26466;11863;17608;6584
93;Seine-Saint-Denis;;12560;7766;8549;2836
93;Seine-Saint-Denis;;17841;9135;13562;2733
93;Seine-Saint-Denis;;7253;4449;4436;2174
93;Seine-Saint-Denis;;6339;4658;4293;1515
93;Seine-Saint-Denis;;6428;3001;4837;1039
93;Seine-Saint-Denis;;7002;3093;4591;1909
93;Seine-Saint-Denis;;10285;6177;7215;2188
93;Seine-Saint-Denis;;14693;9030;9318;3870
93;Seine-Saint-Denis;;26549;20837;19012;5025
93;Seine-Saint-Denis;;17676;9072;13345;2862
93;Seine-Saint-Denis;;12919;9936;8478;3290
93;Seine-Saint-Denis;;8752;8456;5553;2212
93;Seine-Saint-Denis;;12204;8554;7219;3743
93;Seine-Saint-Denis;;2506;1447;1307;983
93;Seine-Saint-Denis;;11109;4474;6926;3173
93;Seine-Saint-Denis;;11025;8379;7075;2976
93;Seine-Saint-Denis;;3301;2707;2297;668
94;Val-de-Marne;;2224;899;1193;826
94;Val-de-Marne;;17083;6901;11163;4257
94;Val-de-Marne;;8268;4422;5694;1738
94;Val-de-Marne;;5757;3118;3563;1653
94;Val-de-Marne;;5649;3776;3566;1517
94;Val-de-Marne;;8436;2793;5886;1934
94;Val-de-Marne;;12003;5031;8916;2087
94;Val-de-Marne;;26950;16043;17620;6927
94;Val-de-Marne;;14834;5040;10881;2827
94;Val-de-Marne;;7293;3424;4413;2273
94;Val-de-Marne;;6967;3914;4508;1830
94;Val-de-Marne;;13949;6647;9172;3356
94;Val-de-Marne;;30617;15981;21009;6804
94;Val-de-Marne;;22899;10472;16754;4267
94;Val-de-Marne;;9717;5209;6630;2205
94;Val-de-Marne;;6787;3190;4779;1366
94;Val-de-Marne;;12816;5841;8987;2752
94;Val-de-Marne;;20290;9694;14512;3823
94;Val-de-Marne;;9520;3458;6798;1983
94;Val-de-Marne;;9463;4955;6704;1940
94;Val-de-Marne;;8795;4166;5314;2662
94;Val-de-Marne;;26976;9965;17992;6617
94;Val-de-Marne;;2394;790;1327;875
94;Val-de-Marne;;2838;817;1748;885
94;Val-de-Marne;;16570;5847;12274;3215
94;Val-de-Marne;;2503;866;1423;884
94;Val-de-Marne;;7333;4465;4543;2123
94;Val-de-Marne;;4966;1841;3027;1600
94;Val-de-Marne;;1350;433;726;485
94;Val-de-Marne;;17307;6553;12237;3795
94;Val-de-Marne;;8264;3268;5041;2533
94;Val-de-Marne;;4973;2071;2818;1734
94;Val-de-Marne;;3090;1046;2001;818
94;Val-de-Marne;;11399;4221;8996;1799
94;Val-de-Marne;;38748;11819;27777;8418
94;Val-de-Marne;;5913;2336;4173;1252
94;Val-de-Marne;;2105;690;1268;698
94;Val-de-Marne;;12876;4237;8536;3327
94;Val-de-Marne;;11877;5511;7618;3181
94;Val-de-Marne;;3953;2844;2407;1146
94;Val-de-Marne;;5373;1935;2976;1956
94;Val-de-Marne;;19898;10857;13839;4292
94;Val-de-Marne;;7204;4020;3950;2500
94;Val-de-Marne;;7302;4371;4425;2255
94;Val-de-Marne;;11791;5077;7744;2978
94;Val-de-Marne;;25939;6843;20303;3838
94;Val-de-Marne;;28042;17784;18973;6642
95;Val-d'Oise;;563;143;294;225
95;Val-d'Oise;;1148;356;754;317
95;Val-d'Oise;;32524;20136;21874;7936
95;Val-d'Oise;;4909;2761;2604;1953
95;Val-d'Oise;;372;91;171;163
95;Val-d'Oise;;880;319;430;369
95;Val-d'Oise;;4036;1174;2348;1333
95;Val-d'Oise;;514;148;276;206
95;Val-d'Oise;;1134;397;584;445
95;Val-d'Oise;;4566;1575;2798;1401
95;Val-d'Oise;;3761;1835;1887;1500
95;Val-d'Oise;;141;22;65;64
95;Val-d'Oise;;207;81;99;94
95;Val-d'Oise;;1007;365;470;466
95;Val-d'Oise;;1212;443;592;511
95;Val-d'Oise;;207;69;115;71
95;Val-d'Oise;;3614;1554;2012;1317
95;Val-d'Oise;;258;78;143;90
95;Val-d'Oise;;10094;5942;6536;2706
95;Val-d'Oise;;496;121;289;167
95;Val-d'Oise;;1037;338;569;360
95;Val-d'Oise;;386;165;183;155
95;Val-d'Oise;;2907;1229;1801;829
95;Val-d'Oise;;253;76;152;90
95;Val-d'Oise;;155;39;80;62
95;Val-d'Oise;;1252;404;682;483
95;Val-d'Oise;;20179;12180;14029;4380
95;Val-d'Oise;;2566;1084;1288;1052
95;Val-d'Oise;;40;13;28;9
95;Val-d'Oise;;1932;659;895;870
95;Val-d'Oise;;391;90;189;159
95;Val-d'Oise;;171;48;89;66
95;Val-d'Oise;;136;17;83;45
95;Val-d'Oise;;252;78;128;104
95;Val-d'Oise;;269;83;149;91
95;Val-d'Oise;;318;65;167;133
95;Val-d'Oise;;12096;4733;7738;3428
95;Val-d'Oise;;178;51;110;49
95;Val-d'Oise;;3200;1254;2108;827
95;Val-d'Oise;;9739;4701;6581;2354
95;Val-d'Oise;;7023;3003;4018;2400
95;Val-d'Oise;;11432;4414;7621;2849
95;Val-d'Oise;;3210;1562;1716;1176
95;Val-d'Oise;;5814;2125;4080;1319
95;Val-d'Oise;;1247;308;715;413
95;Val-d'Oise;;66;23;34;28
95;Val-d'Oise;;457;87;223;203
95;Val-d'Oise;;30;7;17;12
95;Val-d'Oise;;7461;3772;4579;2279
95;Val-d'Oise;;12694;5774;8350;3284
95;Val-d'Oise;;4233;1876;2446;1420
95;Val-d'Oise;;4180;2123;2232;1536
95;Val-d'Oise;;14599;7215;8842;4430
95;Val-d'Oise;;282;92;149;109
95;Val-d'Oise;;1631;524;857;627
95;Val-d'Oise;;2358;741;1443;712
95;Val-d'Oise;;248;70;165;67
95;Val-d'Oise;;10015;8254;6789;2376
95;Val-d'Oise;;312;64;175;124
95;Val-d'Oise;;8770;5856;4845;3132
95;Val-d'Oise;;9118;7067;5307;3105
95;Val-d'Oise;;112;13;57;39
95;Val-d'Oise;;441;102;246;164
95;Val-d'Oise;;3628;1608;2113;1229
95;Val-d'Oise;;114;28;61;40
95;Val-d'Oise;;377;75;197;147
95;Val-d'Oise;;164;42;86;70
95;Val-d'Oise;;138;23;69;60
95;Val-d'Oise;;192;27;113;59
95;Val-d'Oise;;14034;5650;8525;4416
95;Val-d'Oise;;373;83;186;160
95;Val-d'Oise;;6697;2057;4046;2163
95;Val-d'Oise;;7657;3400;4675;2268
95;Val-d'Oise;;341;81;185;133
95;Val-d'Oise;;91;29;48;41
95;Val-d'Oise;;235;44;126;96
95;Val-d'Oise;;320;103;181;106
95;Val-d'Oise;;4154;2332;2240;1530
95;Val-d'Oise;;2530;880;1330;970
95;Val-d'Oise;;903;318;424;400
95;Val-d'Oise;;2669;998;1281;1182
95;Val-d'Oise;;1551;452;998;427
95;Val-d'Oise;;1735;694;875;739
95;Val-d'Oise;;2816;1216;1371;1180
95;Val-d'Oise;;150;21;77;55
95;Val-d'Oise;;2911;979;1588;1053
95;Val-d'Oise;;2730;918;1446;1028
95;Val-d'Oise;;4548;1905;2539;1606
95;Val-d'Oise;;663;189;330;274
95;Val-d'Oise;;234;64;139;67
95;Val-d'Oise;;7575;4378;4712;2159
95;Val-d'Oise;;1676;537;1022;523
95;Val-d'Oise;;4830;2706;3218;1193
95;Val-d'Oise;;9829;3709;6619;2503
95;Val-d'Oise;;258;71;124;108
95;Val-d'Oise;;1937;702;990;757
95;Val-d'Oise;;827;297;423;321
95;Val-d'Oise;;366;93;212;126
95;Val-d'Oise;;1162;352;683;384
95;Val-d'Oise;;127;20;69;50
95;Val-d'Oise;;961;227;624;261
95;Val-d'Oise;;484;121;246;177
95;Val-d'Oise;;7485;3419;4480;2444
95;Val-d'Oise;;3097;1200;1739;1081
95;Val-d'Oise;;313;102;185;97
95;Val-d'Oise;;3785;2337;1914;1532
95;Val-d'Oise;;3482;1911;1847;1346
95;Val-d'Oise;;377;89;179;164
95;Val-d'Oise;;4350;1362;2659;1341
95;Val-d'Oise;;81;19;39;32
95;Val-d'Oise;;11295;5708;7135;3211
95;Val-d'Oise;;2065;638;1090;771
95;Val-d'Oise;;1718;809;864;685
95;Val-d'Oise;;286;95;196;79
95;Val-d'Oise;;225;82;131;72
95;Val-d'Oise;;491;157;237;205
95;Val-d'Oise;;662;262;337;274
95;Val-d'Oise;;5784;3081;3414;1921
95;Val-d'Oise;;140;34;77;52
95;Val-d'Oise;;563;137;310;195
95;Val-d'Oise;;8759;4573;5840;2209
95;Val-d'Oise;;8189;3149;5336;2225
95;Val-d'Oise;;1217;606;575;516
95;Val-d'Oise;;8407;4624;5152;2516
95;Val-d'Oise;;4011;1554;2505;1189
95;Val-d'Oise;;1457;483;931;451
95;Val-d'Oise;;11323;5219;7304;3131
95;Val-d'Oise;;405;92;225;146
95;Val-d'Oise;;15581;12720;9722;4602
95;Val-d'Oise;;767;221;405;296
95;Val-d'Oise;;604;165;306;246
95;Val-d'Oise;;7868;3866;5168;2087
95;Val-d'Oise;;1684;706;775;755
95;Val-d'Oise;;12347;4970;7438;3785
95;Val-d'Oise;;175;58;112;50
95;Val-d'Oise;;757;203;388;292
95;Val-d'Oise;;367;80;203;139
95;Val-d'Oise;;736;232;389;274
95;Val-d'Oise;;7875;3654;5214;1960
95;Val-d'Oise;;474;134;288;144
95;Val-d'Oise;;2920;1106;1422;1276
95;Val-d'Oise;;274;58;142;105
95;Val-d'Oise;;673;215;391;235
95;Val-d'Oise;;319;70;149;139
95;Val-d'Oise;;497;108;248;196
95;Val-d'Oise;;7315;5099;4541;2161
95;Val-d'Oise;;84;26;50;30
95;Val-d'Oise;;232;53;129;86
ZA;Guadeloupe;;463;623;237;211
ZB;Martinique;;8299;6978;3658;3439
ZB;Martinique;;3138;3056;1421;1351
ZC;Guyane;;501;1143;235;232
ZC;Guyane;;507;1824;269;212
ZC;Guyane;;418;663;270;142
ZC;Guyane;;150;1162;109;35
ZC;Guyane;;38;15;28;5
ZC;Guyane;;366;1696;219;118
ZM;Mayotte;;2766;2200;1284;1207
ZM;Mayotte;;1839;2539;850;842
ZM;Mayotte;;2956;3296;1489;1207
ZM;Mayotte;;2651;3918;1227;1198
ZM;Mayotte;;6921;9607;3499;2748
ZN;Nouvelle-Calédonie;;48;886;39;6
ZN;Nouvelle-Calédonie;;1580;1700;820;703
ZN;Nouvelle-Calédonie;;2073;2584;1170;805
ZN;Nouvelle-Calédonie;;164;3424;123;23
ZN;Nouvelle-Calédonie;;10381;12346;5686;4107
ZN;Nouvelle-Calédonie;;432;235;229;191
ZN;Nouvelle-Calédonie;;193;2310;142;28
ZN;Nouvelle-Calédonie;;290;3456;192;53
ZN;Nouvelle-Calédonie;;302;1540;224;53
ZN;Nouvelle-Calédonie;;254;1499;147;95
ZN;Nouvelle-Calédonie;;1172;3918;693;398
ZN;Nouvelle-Calédonie;;1183;1937;597;519
ZN;Nouvelle-Calédonie;;1711;1723;961;679
ZN;Nouvelle-Calédonie;;664;10313;454;136
ZN;Nouvelle-Calédonie;;331;6604;225;87
ZN;Nouvelle-Calédonie;;343;478;216;114
ZN;Nouvelle-Calédonie;;9899;12179;5288;3927
ZN;Nouvelle-Calédonie;;34291;38296;20588;11912
ZN;Nouvelle-Calédonie;;347;1875;210;120
ZN;Nouvelle-Calédonie;;128;4279;84;31
ZN;Nouvelle-Calédonie;;6886;8952;3678;2866
ZN;Nouvelle-Calédonie;;558;3800;336;144
ZN;Nouvelle-Calédonie;;152;2541;102;36
ZN;Nouvelle-Calédonie;;48;2363;35;7
ZN;Nouvelle-Calédonie;;702;1110;396;259
ZN;Nouvelle-Calédonie;;118;1369;77;34
ZN;Nouvelle-Calédonie;;624;1922;341;237
ZN;Nouvelle-Calédonie;;102;430;52;39
ZN;Nouvelle-Calédonie;;176;2048;96;69
ZN;Nouvelle-Calédonie;;205;1800;130;48
ZN;Nouvelle-Calédonie;;447;2000;249;177
ZN;Nouvelle-Calédonie;;113;1687;75;17
ZN;Nouvelle-Calédonie;;205;987;140;40
ZP;Polynésie française;;360;354;226;116
ZP;Polynésie française;;680;854;403;254
ZP;Polynésie française;;751;632;434;282
ZP;Polynésie française;;121;102;59;55
ZP;Polynésie française;;269;244;208;55
ZP;Polynésie française;;583;482;443;132
ZP;Polynésie française;;697;437;426;233
ZP;Polynésie française;;121;74;102;17
ZP;Polynésie française;;1245;752;891;320
ZP;Polynésie française;;760;549;476;263
ZP;Polynésie française;;574;437;414;157
ZP;Polynésie française;;5296;8342;2621;2381
ZP;Polynésie française;;1114;1177;663;412
ZP;Polynésie française;;168;93;95;70
ZP;Polynésie française;;8180;10372;3938;3839
ZP;Polynésie française;;5179;5370;2839;2043
ZP;Polynésie française;;78;66;45;33
ZP;Polynésie française;;8778;10097;4435;3823
ZP;Polynésie française;;320;155;215;93
ZP;Polynésie française;;353;402;214;124
ZP;Polynésie française;;1266;922;850;367
ZP;Polynésie française;;300;284;197;98
ZP;Polynésie française;;567;683;386;162
ZP;Polynésie française;;1882;2077;923;863
ZP;Polynésie française;;3102;4575;1640;1330
ZP;Polynésie française;;689;1172;328;327
ZP;Polynésie française;;1158;1908;574;528
ZP;Polynésie française;;114;130;79;29
ZP;Polynésie française;;368;158;288;78
ZP;Polynésie française;;883;881;510;359
ZP;Polynésie française;;1551;1981;736;720
ZW;Wallis et Futuna;;5840;3674;3830;1849
ZZ;Français établis hors de France;;4078;8693;3036;892
ZZ;Français établis hors de France;;1685;1645;1263;345
ZZ;Français établis hors de France;;92;101;69;17
ZZ;Français établis hors de France;;322;406;264;33
ZZ;Français établis hors de France;;264;348;215;37
ZZ;Français établis hors de France;;1412;1926;935;361
ZZ;Français établis hors de France;;120;297;85;21
ZZ;Français établis hors de France;;2439;13343;2159;154
ZZ;Français établis hors de France;;396;565;336;39
ZZ;Français établis hors de France;;9972;11482;9114;598
ZZ;Français établis hors de France;;996;1481;564;387
ZZ;Français établis hors de France;;313;2116;245;44
ZZ;Français établis hors de France;;638;4871;582;30
ZZ;Français établis hors de France;;300;704;161;122
ZZ;Français établis hors de France;;1876;5128;1594;213
ZZ;Français établis hors de France;;1883;4515;1610;239
ZZ;Français établis hors de France;;44;41;35;8
ZZ;Français établis hors de France;;108;83;63;31
ZZ;Français établis hors de France;;641;3345;459;110
ZZ;Français établis hors de France;;33;17;24;6
ZZ;Français établis hors de France;;181;177;154;14
ZZ;Français établis hors de France;;3742;5553;2148;1448
ZZ;Français établis hors de France;;200;246;132;50
ZZ;Français établis hors de France;;12433;22050;10266;1731
ZZ;Français établis hors de France;;322;1037;185;123
ZZ;Français établis hors de France;;11430;8400;10539;556
ZZ;Français établis hors de France;;7634;10876;5942;1585
ZZ;Français établis hors de France;;922;3200;803;90
ZZ;Français établis hors de France;;1169;2947;1014;105
ZZ;Français établis hors de France;;168;259;146;12
ZZ;Français établis hors de France;;3133;4845;2936;139
ZZ;Français établis hors de France;;348;782;257;64
ZZ;Français établis hors de France;;330;324;231;75
ZZ;Français établis hors de France;;452;862;345;84
ZZ;Français établis hors de France;;48326;48912;40406;6261
ZZ;Français établis hors de France;;1161;1879;895;220
ZZ;Français établis hors de France;;1004;952;716;240
ZZ;Français établis hors de France;;2103;7781;1807;222
ZZ;Français établis hors de France;;111;100;76;26
ZZ;Français établis hors de France;;23;43;16;6
ZZ;Français établis hors de France;;344;685;240;80
ZZ;Français établis hors de France;;431;2238;374;49
ZZ;Français établis hors de France;;7683;9231;6705;667
ZZ;Français établis hors de France;;203;874;158;32
ZZ;Français établis hors de France;;88;151;55;22
ZZ;Français établis hors de France;;3363;5880;2957;341
ZZ;Français établis hors de France;;34;17;18;16
ZZ;Français établis hors de France;;146;290;124;14
ZZ;Français établis hors de France;;539;1190;447;64
ZZ;Français établis hors de France;;2756;2297;2536;130
ZZ;Français établis hors de France;;771;1763;608;121
ZZ;Français établis hors de France;;671;820;489;164
ZZ;Français établis hors de France;;66;80;57;7
ZZ;Français établis hors de France;;4812;11301;3866;768
ZZ;Français établis hors de France;;3;468;2;1
ZZ;Français établis hors de France;;152;171;128;20
ZZ;Français établis hors de France;;287;1054;233;43
ZZ;Français établis hors de France;;1154;1433;623;459
ZZ;Français établis hors de France;;1272;1587;1008;213
ZZ;Français établis hors de France;;695;1337;525;131
ZZ;Français établis hors de France;;6178;6897;5165;840
ZZ;Français établis hors de France;;4220;4581;3682;395
ZZ;Français établis hors de France;;7201;8457;6690;399
ZZ;Français établis hors de France;;2527;2473;2233;209
ZZ;Français établis hors de France;;5;19;4;1
ZZ;Français établis hors de France;;67;89;53;8
ZZ;Français établis hors de France;;180;230;101;67
ZZ;Français établis hors de France;;789;1491;694;59
ZZ;Français établis hors de France;;7431;10968;6851;449
ZZ;Français établis hors de France;;56027;67811;43866;10107
ZZ;Français établis hors de France;;359;710;256;63
ZZ;Français établis hors de France;;872;9847;745;110
ZZ;Français établis hors de France;;2867;2260;2620;183
ZZ;Français établis hors de France;;509;555;384;80
ZZ;Français établis hors de France;;64;75;48;11
ZZ;Français établis hors de France;;1317;1120;1180;95
ZZ;Français établis hors de France;;1458;2228;1107;275
ZZ;Français établis hors de France;;4194;4161;3656;430
ZZ;Français établis hors de France;;3041;5220;2559;413
ZZ;Français établis hors de France;;68;229;45;17
ZZ;Français établis hors de France;;1479;3715;1245;145
ZZ;Français établis hors de France;;800;1583;541;215
ZZ;Français établis hors de France;;1951;15875;1611;248
ZZ;Français établis hors de France;;1024;1878;806;169
ZZ;Français établis hors de France;;1;45;1;0
ZZ;Français établis hors de France;;127;99;97;26
ZZ;Français établis hors de France;;38;50;35;2
ZZ;Français établis hors de France;;75;98;53;18
ZZ;Français établis hors de France;;18;435;17;1
ZZ;Français établis hors de France;;144;121;131;0
ZZ;Français établis hors de France;;523;891;395;98
ZZ;Français établis hors de France;;217;421;170;40
ZZ;Français établis hors de France;;835;998;633;153
ZZ;Français établis hors de France;;560;985;417;111
ZZ;Français établis hors de France;;218;386;164;40
ZZ;Français établis hors de France;;264;557;222;30
ZZ;Français établis hors de France;;303;628;220;49
ZZ;Français établis hors de France;;433;553;330;83
ZZ;Français établis hors de France;;235;288;183;42
ZZ;Français établis hors de France;;947;2276;761;142
ZZ;Français établis hors de France;;646;1729;512;113
ZZ;Français établis hors de France;;1959;3224;1293;557
ZZ;Français établis hors de France;;745;2078;607;115
ZZ;Français établis hors de France;;5837;10185;4185;1430
ZZ;Français établis hors de France;;232;289;187;35
ZZ;Français établis hors de France;;664;1493;480;133
ZZ;Français établis hors de France;;41657;61588;37874;2914
ZZ;Français établis hors de France;;6726;19217;5780;830
ZZ;Français établis hors de France;;281;420;213;57
ZZ;Français établis hors de France;;58;71;53;2
ZZ;Français établis hors de France;;15629;12492;12443;2600
ZZ;Français établis hors de France;;15561;26192;12238;2735
ZZ;Français établis hors de France;;70;90;49;11
ZZ;Français établis hors de France;;317;350;256;47
ZZ;Français établis hors de France;;586;1414;437;128
ZZ;Français établis hors de France;;220;185;177;20
ZZ;Français établis hors de France;;2681;3495;1980;544
ZZ;Français établis hors de France;;173;237;142;25
ZZ;Français établis hors de France;;4232;10620;3620;454
ZZ;Français établis hors de France;;2842;6881;2120;671
ZZ;Français établis hors de France;;6557;12105;5478;923
ZZ;Français établis hors de France;;63;84;30;26
ZZ;Français établis hors de France;;2602;2580;1348;1156
ZZ;Français établis hors de France;;343;695;268;58
ZZ;Français établis hors de France;;612;1723;486;81
ZZ;Français établis hors de France;;25450;41736;21324;3011
ZZ;Français établis hors de France;;318;1011;273;31
ZZ;Français établis hors de France;;9689;7771;8758;723
ZZ;Français établis hors de France;;482;577;418;36
ZZ;Français établis hors de France;;559;2304;453;96
ZZ;Français établis hors de France;;255;492;181;58
ZZ;Français établis hors de France;;392;308;318;50
ZZ;Français établis hors de France;;11916;17850;10977;757
ZZ;Français établis hors de France;;329;464;233;56
ZZ;Français établis hors de France;;421;739;327;79
ZZ;Français établis hors de France;;366;726;276;62
ZZ;Français établis hors de France;;772;4658;691;54
ZZ;Français établis hors de France;;2338;2449;2057;191
ZZ;Français établis hors de France;;748;1500;566;112
ZZ;Français établis hors de France;;41;32;28;10
ZZ;Français établis hors de France;;447;923;328;101
ZZ;Français établis hors de France;;54;138;48;4
ZZ;Français établis hors de France;;830;834;640;135
ZZ;Français établis hors de France;;1185;1904;850;275
ZZ;Français établis hors de France;;672;1133;471;153
ZZ;Français établis hors de France;;1455;3032;1092;317
ZZ;Français établis hors de France;;209;772;179;20
ZZ;Français établis hors de France;;3936;5712;2768;1010
ZZ;Français établis hors de France;;525;817;373;130
ZZ;Français établis hors de France;;1853;1539;1492;269
ZZ;Français établis hors de France;;50;47;43;2
ZZ;Français établis hors de France;;5229;8559;3644;1250
ZZ;Français établis hors de France;;509;1202;411;67
ZZ;Français établis hors de France;;3627;3970;3101;312
ZZ;Français établis hors de France;;92;173;55;26
ZZ;Français établis hors de France;;407;1221;314;81
ZZ;Français établis hors de France;;307;229;253;28
ZZ;Français établis hors de France;;166;97;118;38
ZZ;Français établis hors de France;;1112;4077;931;146
ZZ;Français établis hors de France;;583;1128;448;115
ZZ;Français établis hors de France;;4587;9001;3780;620
ZZ;Français établis hors de France;;780;1957;462;279
ZZ;Français établis hors de France;;9984;14274;9214;615
ZZ;Français établis hors de France;;635;1564;463;138
ZZ;Français établis hors de France;;2696;6867;2276;345
ZZ;Français établis hors de France;;1614;4622;1363;203
ZZ;Français établis hors de France;;124;164;90;21
ZZ;Français établis hors de France;;1382;2178;1232;126
ZZ;Français établis hors de France;;1024;1039;810;162
ZZ;Français établis hors de France;;39;92;35;3
ZZ;Français établis hors de France;;5730;3199;5013;550
ZZ;Français établis hors de France;;56;135;41;13
ZZ;Français établis hors de France;;433;686;275;142
ZZ;Français établis hors de France;;3941;3682;3589;258
ZZ;Français établis hors de France;;7567;8618;6902;516
ZZ;Français établis hors de France;;7166;11785;6082;866
ZZ;Français établis hors de France;;63;37;46;13
ZZ;Français établis hors de France;;206;156;149;44
ZZ;Français établis hors de France;;4787;8090;3634;959
ZZ;Français établis hors de France;;730;1346;602;73
ZZ;Français établis hors de France;;143;140;101;34
ZZ;Français établis hors de France;;58;125;48;6
ZZ;Français établis hors de France;;213;570;176;28
ZZ;Français établis hors de France;;5511;43001;4494;744
ZZ;Français établis hors de France;;264;861;213;40
ZZ;Français établis hors de France;;113;151;81;21
ZZ;Français établis hors de France;;3042;2825;2420;490
ZZ;Français établis hors de France;;4633;7296;4017;466
ZZ;Français établis hors de France;;3;51;3;0
ZZ;Français établis hors de France;;7118;10007;6243;670
ZZ;Français établis hors de France;;3133;5474;2607;404
ZZ;Français établis hors de France;;1607;1656;1283;264
ZZ;Français établis hors de France;;3924;3514;3372;389
ZZ;Français établis hors de France;;489;967;336;114
ZZ;Français établis hors de France;;260;160;188;59
ZZ;Français établis hors de France;;4753;8045;4256;404
ZZ;Français établis hors de France;;1463;2818;1215;183
ZZ;Français établis hors de France;;66;122;48;11
ZZ;Français établis hors de France;;623;1082;444;131
ZZ;Français établis hors de France;;265;588;197;57
ZZ;Français établis hors de France;;11714;13153;10166;1272
ZZ;Français établis hors de France;;775;928;611;132
ZZ;Français établis hors de France;;53;64;39;11
ZZ;Français établis hors de France;;205;510;181;21
